,X0,X1,X2,target
0,0.3592932287123254,-0.23002420305272886,0.009594999532612558,56.317989325172924
1,-0.927679114094945,-0.30134504304435894,-0.6175839079739951,1.3163271521551412
2,0.1695794324588933,-0.33437329712750374,-0.1307632670050234,-0.923026937633837
3,0.807536093053967,-0.3326918367016367,0.5084700639824629,1.141832499374422
4,0.24936408079485362,0.39269661952957446,0.8051729569956991,0.1598160995028478
5,-0.30948559918466056,0.6875863084970437,0.36147099782413306,-0.1441128420545813
6,-0.6182858830960611,-0.605299150168682,0.807162665107124,-0.1663712473396954
7,0.2125066246592764,0.8656053762059557,-0.8349450076743774,-0.027031170174613182
8,-0.49566592285610267,-0.5521762273280475,0.1079712979394396,-1.198161790061937
9,0.9155014689008152,-0.3229380975771985,0.8907265729194027,0.784271092516536
10,-0.4565121675384489,0.7474338055583163,-0.9028832671538405,0.07202203954811452
11,-0.03548857493110491,-0.9215072305547445,-0.568714404198631,0.005847725441873644
12,-0.34315733081711586,0.3302545692023473,-0.3362836285167017,0.7445262635359181
13,-0.4580063807815231,-0.33615129997565063,0.20319294487720319,-1.5873893039019118
14,0.4700105207151657,0.05404440305288438,0.6232834235435993,20.54521498296235
15,0.15835643812185185,0.4526941367403341,0.012386281468230287,4.964496132821763
16,-0.41655463537618265,0.29940735515753736,0.1812111454371086,-2.0405736404035992
17,-0.9862602160035403,-0.18228523787810813,-0.31765685616904316,7.435675332806756
18,0.9154772225791314,-0.39937899430335877,0.04668937325763478,9.782485146178399
19,0.4278021655390345,-0.1633601734735768,0.7847758105687204,1.625530544882741
20,0.5590633591540424,0.4841590712453896,0.5351081499709684,0.35467734890563174
21,-0.34015694594619394,0.9355699649872982,0.17395893672033336,-0.17777479768466115
22,-0.5734564058247167,-0.1900324211915525,0.522065349272405,-2.420528898257957
23,0.8602123483371906,0.9815639941552412,-0.7694984601867154,-0.09233169644142604
24,0.22717715399978844,0.5565275455489531,-0.08261397437213125,-0.7065256696759362
25,0.7798282134296326,0.9313131911067367,-0.24436113572560525,-0.29279619988202304
26,-0.6879610609380573,0.6270440865394538,-0.34024940240485324,0.4092234094984515
27,0.5559275232473482,0.7595577006042824,-0.12436495813842718,-0.6165790179614203
28,0.9931005468211034,-0.7258767903944423,-0.7177935988731967,-0.20895749604805144
29,0.4181412129409603,-0.43820090437456116,0.10657056068522719,1.6260328714439267
30,-0.40409869033572643,-0.10176256767664271,-0.08100462471093639,38.33466315157351
31,-0.22648633864065038,-0.36033599550854656,-0.22309148697661652,0.6222055106433614
32,-0.6414624395986708,-0.5756430316584662,0.3994007941248856,-0.38569671507663633
33,-0.5305312182301116,0.5849740439113615,0.15460807089545048,-0.7979868347988281
34,-0.48241618542941045,-0.7320232113172562,-0.4370248673549455,0.1639291369564476
35,-0.24348964174617627,-0.5688779817950633,-0.21925290807332565,0.27307818930611816
36,-0.47133533488667423,-0.2517149581718836,-0.2824223722804291,2.0960565226674586
37,-0.14834264072776726,0.37256069666288427,-0.7855478252109547,0.10826533827041328
38,-0.9275684248685137,-0.8831319309500347,-0.03768814549955435,2.5111933312515324
39,-0.3831842393691207,-0.24672666873996607,-0.9270115470243527,0.5403565747287142
40,0.04981587668791665,-0.5359934365242933,0.9930748634541346,0.013894949772336953
41,-0.5385695408430085,0.8140223391403185,0.4063908463051942,-0.15915319446439583
42,0.013537114012622364,0.11248485612582182,0.5049659605683461,0.1686032744036648
43,-0.5067989855069961,-0.4036038614121209,-0.22454717597573381,1.1025737536991027
44,-0.7509298160909215,0.9129930225877836,0.7526455891888486,-0.09524979435207555
45,0.5783941230111225,-0.09820576067002884,-0.35738582728901336,-13.353735007834118
46,-0.7381631884153903,-0.4401040848208848,0.40674697430539153,-0.7456025583193698
47,-0.33616766174843327,0.8558617123637964,-0.56163801180491,0.06502530223440965
48,-0.4133750313096558,0.6930769392485234,0.20705653584809602,-0.33073681162778
49,0.2590421860599741,0.5158165382814504,-0.33240485409690934,-0.23307878752949515
50,0.5792668914996477,0.29720116222656556,-0.4855989491391637,-1.0747070494719388
51,-0.2979531502721249,0.7337952668645809,-0.6465027097108111,0.06811110965724278
52,-0.22468802589936754,0.20276385433768285,-0.18758277832471837,2.318440871331385
53,0.8168107827661795,0.9273970751201208,0.6372636026341341,0.11859354197151403
54,0.9232475431631304,0.6316197344424679,0.45779697439692746,0.4022758832727639
55,-0.27089177252468,-0.31420874932775633,-0.022603960666928602,9.659727159436772
56,-0.8280778664048987,0.674267866422622,-0.3103145624437018,0.46708318173757074
57,0.3644815583592049,-0.03389960380472967,0.45670412697245366,55.263897977689005
58,0.8843237583970849,-0.47121171265648987,-0.4306525716120708,-0.7359396979157105
59,-0.5123616915405329,-0.2819469947853779,-0.47905064614199655,1.0706571378570766
60,-0.2232111909193213,-0.22638675790312468,-0.7157825782818297,0.4841979394621345
61,-0.7219112488125203,0.9641616607784924,-0.0547527396392562,1.1286736190278954
62,-0.3495540233552108,0.3835260739638007,0.18484250279400416,-1.0230875774960895
63,-0.3640862329563579,-0.6268623333792582,-0.9562978331500938,0.07710044272145329
64,0.2806178458818256,0.25232934558856956,-0.3914519177030791,-0.8959658872526649
65,-0.8355079517859771,0.2985375178268497,0.6138787761973095,-1.2152350015923465
66,0.7512514564284543,-0.387891082259167,-0.5753669758884652,-0.690575142028906
67,0.5995312878004373,0.9919872389905748,0.29278507275007604,0.16559258536834143
68,0.5039376632202668,0.09902763224885902,-0.3884110741062359,-10.52840444078809
69,0.3372531507030512,0.8479032108212812,0.668912318686939,0.05580645015470914
70,0.6630339750683996,0.5951116636729612,-0.1030087789197709,-1.4462879096134684
71,0.5229495359305643,-0.5800664161677784,0.25312396810266624,0.4886087091224395
72,0.43284747933794354,0.7426307725393226,0.9392496730870912,0.06649639383962892
73,-0.11939321877717401,0.01932799182124345,0.47716208590294285,-53.30039185850514
74,0.5221647945238614,-0.06944519080918354,-0.5446471582414287,-15.819695881140486
75,-0.4405764194647699,-0.4145194645450154,0.8398844417846554,-0.24294165838456183
76,0.42195726570201897,0.5802585688512225,0.7228203121186332,0.13797014861027898
77,-0.2546621492921646,-0.7254453964150092,0.8616936429843125,-0.04468813073918504
78,0.12288369626469797,-0.6464086035313996,-0.9973476744506851,-0.023465162521440333
79,0.3034856469178222,0.8624208600636007,0.6160775652408412,0.052705312545889664
80,-0.021230619127369676,0.4923857072567097,-0.564339868771174,0.012348129813693475
81,0.6558507026846667,0.17775125336001185,0.48432998501883273,3.4105814338171
82,-0.5871273810855955,-0.44611240733060886,0.5767475057999933,-0.40705035822557356
83,-0.6481837911729071,0.5526483826365474,0.16857939204162942,-1.0018114996737013
84,-0.027578133939371474,0.7810196626161061,0.6835105073690553,-0.005263636405544654
85,0.9520533985048711,-0.19420193242996775,0.303954724236583,6.60899543088465
86,-0.3849837920098713,-0.3884628381358093,-0.96246024451121,0.21093605755829076
87,-0.966384554922062,-0.9631738400015775,0.9851324999765052,-0.08414651079356367
88,0.8280813001964467,-0.384592006716608,0.11474384315738018,3.882694444048646
89,0.4580959100297668,0.055371698824259186,0.21563803621425914,55.137298813764694
90,0.027888458464160992,-0.6090879743482591,-0.8428222891325694,-0.0070977154262769175
91,-0.6370879303283892,0.1702820627756234,0.9796104206381882,-1.7848359794541366
92,0.10935935843480604,-0.2069931218644856,-0.5629897037627285,-0.360772817567568
93,0.6648427470984304,-0.33797514961482644,0.5185769283318846,0.8931539893873206
94,-0.5332278020419834,-0.6645453085386133,0.20821968551680814,-0.4614577477635795
95,-0.47039748764578593,-0.39504649788845136,-0.7454308077193854,0.3217743040613577
96,-0.03132321277428063,0.14819782078667632,0.6704039567178508,-0.1692919208755878
97,0.8949571246101449,-0.39909134224357845,-0.17329925428087822,-2.580186264222032
98,0.5919558152365372,0.7064369423740253,-0.012088384836559163,-7.80844122415263
99,-0.26972944891920037,-0.4839692664637538,-0.6140009542017681,0.149249844742209
100,0.7297475396180599,-0.9708940434244806,0.15597504982501764,0.3949698718621374
101,-0.16015375162201684,0.18694183982915158,0.30291864077271957,-1.2038939387350953
102,-0.8030855875422054,-0.17319683704531763,0.39572057466129973,-5.383731887846972
103,-0.34148307472982364,0.5786203859920045,0.03703487830321661,-2.191598204243861
104,0.6425580570461267,-0.035303595391496634,0.4302982193806939,95.34437724690706
105,-0.5004905506587751,-0.06759840273800055,0.3488850473258247,-24.982206459655412
106,-0.010819752605004895,-0.6656757468776724,0.8057227643318272,-0.0024115505182035323
107,0.2481867190051832,-0.3548851759896374,-0.2917605272444095,-0.5374850899438954
108,0.7477779877333923,-0.7226622893980379,-0.7632887804090109,-0.14928052330477165
109,0.6200462852132358,-0.2140172183897311,0.2585196467651836,4.166997709217926
110,0.586807663462569,0.6919985340563439,-0.261005857933303,-0.373615864849484
111,-0.5403358498598294,-0.13513033141769704,-0.370737811562178,6.3515738637689605
112,-0.04737626118458449,-0.33199546110826983,0.5863736775821995,-0.05833271108052117
113,0.1997108899510296,0.8025092668913831,-0.5844626723675348,-0.04222162958590592
114,-0.31149799609661954,0.7736984991885247,0.39159338544084554,-0.1057466302496643
115,0.8259135213378113,0.1231492590896699,-0.35862984684814414,-12.084110134655623
116,0.5388676077846783,-0.6828679149467778,0.8590507145198398,0.10704835445287329
117,-0.31380884036500256,0.4370258646413976,0.24035941499708202,-0.5439761891305238
118,0.1048057031214511,-0.43810988173494936,0.7148328307076486,0.060786125652151794
119,-0.08571828742538545,0.006753135836588431,0.007818723821769069,-19130.07962668534
120,0.9301923929726756,0.1608469090487552,0.892509888532828,3.2057115635725664
121,-0.31212232297106257,0.9282538006504084,0.5446698152513574,-0.05292345473406176
122,0.7605871213896871,0.2197711444454964,-0.29931346486478927,-4.186696791152195
123,-0.42150595537411806,-0.8995213371473565,-0.043577084383840115,0.9512895861674515
124,0.24265756911226255,0.9863414962252965,-0.07104261879468798,-0.279389710166721
125,0.49777766817771574,-0.8188058585460258,-0.46301502521857607,-0.1276052602810707
126,0.8977297447131376,0.0219284770854955,-0.18570502440521697,-800.0095184486489
127,0.46335165001661904,0.2120880929214508,0.8264819115419892,0.9918247076090018
128,-0.3593907027797747,0.6916133302652796,0.19453049975550996,-0.3073566123245598
129,-0.4449785591445472,0.7796356658119685,0.6819202651607632,-0.08543035824898759
130,-0.38369544968097324,0.03653687916485371,-0.31165892710665033,73.38956538063573
131,0.16376627519962983,-0.71946068547515,-0.8846923256674242,-0.028458251491529526
132,-0.5196015427216627,-0.6040624270154262,-0.16407497057821163,0.69064454559891
133,0.01768795365078435,-0.6512214682248556,0.09983480887608565,0.033245151657973114
134,0.5487057298626663,-0.30856158935750644,-0.39065850855345174,-1.1739473448853033
135,-0.25709261761759716,-0.659836787936632,0.05517852245439814,-0.8516019061389087
136,-0.29268712563291466,0.7962118465660344,-0.6904327037495455,0.05321267986373497
137,-0.4078614767881532,0.8044618104409575,0.5756679544081513,-0.08712040887671509
138,0.9611017117086276,0.8487750213353689,0.748694481415324,0.1417978592703416
139,0.5732011335121767,-0.3697018219713879,-0.17865048507235426,-1.868055586218517
140,0.77362701998578,0.965008620756526,-0.8410498110767208,-0.0786027357679994
141,-0.17866464883314892,0.2748556011693417,0.795298765863546,-0.23664060890578184
142,-0.790581657253322,0.30155494562760143,-0.1307215670262285,5.292449387637969
143,0.19368238553086803,-0.6797722231978791,0.1760353190148085,0.18947574392432495
144,-0.6360244450573651,0.32889536050567814,-0.09638656042609162,4.854359843675636
145,-0.5263454434863397,-0.3462423625629447,0.6756412543070551,-0.5171117893845613
146,0.465154657829268,0.8284936185669218,-0.0051839485330014146,-10.40275795452665
147,-0.18852244154523157,-0.13530328549616488,-0.5214220312332818,1.5716184898668417
148,-0.2044776189157076,-0.14342327236776398,-0.5113581428107155,1.5469329311644127
149,0.12271533060997131,0.4137540120066243,0.7752472237772017,0.0735807655655249
150,0.8031642130425769,-0.9930416720951993,-0.9835557055440203,-0.06589623106048526
151,-0.9126073886050237,-0.2399978349460894,-0.2432138610280301,5.184073454204901
152,0.01904217632711891,0.5596946301657215,0.6158643303155966,0.007854515237897212
153,0.14022086028689085,-0.16452999218542796,0.33361788328152375,1.2355584254118996
154,0.2314523313747232,-0.8965547024826226,-0.4643104663422306,-0.04935028176170735
155,-0.41377088183483357,-0.09994317055695023,0.15267658950218488,-21.590930796703955
156,-0.6552876040355071,-0.48726634874427033,-0.3877390934422169,0.5664344502346474
157,0.5975505764026112,0.9380611696850227,0.2791441928339369,0.19358597496635113
158,-0.5506705888356271,0.5317194948466055,0.1734323312010284,-0.8936897745420668
159,0.9895834181190586,0.4126794453159264,0.5807305373940881,0.7962367261597704
160,-0.04070732817172096,0.3491444458477069,0.8643299528360961,-0.0307448865929811
161,0.7424286437445229,0.14603486368804774,-0.9820949165272175,-2.820838956912178
162,-0.3799743316686115,0.8294342735150568,0.04783134930799915,-0.9188990640403659
163,0.3168337101464751,0.8598270845438498,0.9539382845537634,0.035750242964968565
164,-0.07150060448533857,-0.025738730800509257,-0.37574381777039556,22.8577643137598
165,0.8954750144584946,-0.8102813482578191,0.17384578879866108,0.6243207215229333
166,0.10798416460682025,0.4687556680834397,-0.5681562057691787,-0.06883184168240035
167,0.22919531923413783,-0.3079317053009336,-0.04237845587996847,-4.53880931243266
168,-0.5169024786728713,-0.6095520447647718,-0.43842274461912156,0.2525132021431185
169,0.31998429823377417,0.9336718292951829,-0.9470990277446056,-0.030841458094220894
170,-0.29087238051535236,0.9285605065029892,-0.5769011209296966,0.046534046742181645
171,0.5488703083620448,-0.6659380931444101,-0.7929547925145652,-0.12420632986402587
172,0.9583967429839142,0.7194683571359581,-0.1822558090080746,-0.8084081619668975
173,0.7770336656957935,0.7287343054214956,-0.39271016518817037,-0.2964963826831459
174,-0.8657041238155132,-0.5601168704798141,0.569594504095758,-0.38551077831526265
175,0.7709917708437746,-0.9326778783735301,-0.5421208752433733,-0.1301009283646621
176,-0.614596298347736,-0.40575836754707106,-0.11301552327836584,2.6284941014020817
177,0.9200734823117329,0.7149084632005611,0.29663176584718776,0.48294104346247674
178,-0.1886727506270547,-0.11635434588275895,0.3475845718183359,-3.1906091602760287
179,-0.19311461600893542,-0.7369202614623163,-0.3253398905216309,0.08698151538527377
180,-0.12395964414477945,-0.1654965451694792,0.5500032197947042,-0.6548281801254584
181,-0.7134534999581121,-0.22593995947711498,0.874686938232299,-1.271502078659867
182,0.7129017738305621,0.3160440099511552,-0.3425133140560257,-1.6582394635216147
183,-0.37336392873521684,0.34738055036055915,0.7624629099944242,-0.3229183864142416
184,-0.7604933058539789,0.7060706610445204,-0.619721328506484,0.19588120030948306
185,-0.18093924001536266,-0.996671520897525,-0.751049152162973,0.01929969474467981
186,-0.3079770272448876,0.8269664917709463,-0.3617890438833553,0.09905518709859437
187,-0.7779253688965808,0.6540579039354761,0.9318761998454634,-0.1552878417472384
188,-0.0139271869966886,0.4236409156800094,0.06632611137841105,-0.0931050442289278
189,-0.44478391575908893,-0.5776207143165151,-0.95273721393373,0.11134752350380038
190,0.9075706324024906,-0.3246320228311548,0.8524818317281453,0.8039012842980355
191,0.4712352236772941,-0.03387963034613506,-0.638754776047499,-51.14655590619943
192,0.6200568523736241,0.5770334871028682,-0.9111977795468502,-0.16263235834218212
193,-0.7742168621325325,-0.1912829138210559,0.32626762403927834,-5.160911644259907
194,0.7649784203836816,-0.962482364015439,-0.17961979153755148,-0.36584706149479496
195,-0.8431665073605856,0.1347226655426048,-0.7525863739668512,4.912084150004937
196,0.5360777022768108,-0.7458157278899322,-0.8966406506224252,-0.08553352684023055
197,0.3835684747764061,-0.6718207375698306,-0.39005213952152085,-0.17338182355476325
198,-0.5073786556389852,0.9512142379703685,-0.7330747337864203,0.06087197511003414
199,0.14421669339788257,0.20326265470986882,-0.5627027430833362,-0.49364125842563206
200,-0.1354623001710853,-0.46743413709354953,-0.2965539853759096,0.16636576625337504
201,0.555515080822119,0.6929228674027135,0.5065603096345337,0.18175444592020448
202,-0.746492725589883,0.01771299069013499,-0.7512705608413757,252.0203185863981
203,-0.1359201951691047,0.1423283238194175,0.47409689586932124,-1.1262228749037044
204,0.38944049824542293,0.835752170682649,0.33580269291039877,0.1321271438522386
205,0.8192728003606891,0.9256803934188957,0.5919513577137001,0.1285317797915279
206,0.77991183694615,0.5259636478612109,-0.6610865262226568,-0.33936408930421696
207,0.25409078822410813,-0.4375547811244789,-0.7274141007049701,-0.1451885853091117
208,-0.0060884591448109315,0.4891584027336393,-0.8605792067626736,0.002352922632711332
209,-0.1476667717722926,0.8360296995451204,0.348804861795613,-0.04819999301345817
210,-0.9897988214866542,-0.34188181290191877,0.3522451817957315,-1.9131103029757144
211,-0.6352314907925785,0.6111107929403217,-0.8442203778874016,0.16033429135877195
212,0.9739354519127605,0.48823891849416423,-0.7533103902746967,-0.43160012642022083
213,-0.24657342200397414,-0.13630634179464995,0.6399460151919805,-1.6502925330688978
214,-0.6967476786639053,0.6790846368153673,-0.12494848716448481,0.9622476375058415
215,-0.12422510013806454,-0.4499154607161664,0.5087919502475546,-0.09598368629885784
216,0.6103731423000691,-0.34822137841229495,0.12913029487602867,3.102033960564621
217,-0.8948721353900595,-0.9577336096146234,-0.9913114078953087,0.07831619165231554
218,-0.5268904046506715,0.12694138314406334,0.19360348137093242,-13.439738262600562
219,0.7455312202162065,0.045225063618866246,-0.9463850794091571,-30.64994597191013
220,-0.6037739866862877,-0.10398940429867709,0.19662449342669097,-22.59689336775337
221,0.13623908112899552,-0.6629866438711598,0.1731849204342799,0.14242040239363346
222,0.9909302751076519,-0.24024359579363863,0.046529933820212976,29.362779211080284
223,0.6379041388718205,0.06055410176230436,0.24142493090283046,57.34245830498448
224,0.48999949884791705,0.7690544303505016,-0.001392084089243184,-47.35939494936241
225,0.30828109508146917,-0.14233385997379067,-0.7848536089536369,-1.5428791670897872
226,-0.7264021976611568,-0.6567307931906572,0.4941420145417368,-0.2712318858013264
227,0.6499337548150108,-0.6679282250393801,0.7297171342195667,0.15887116963014664
228,-0.07978564366769181,0.5812748816940474,0.3864360891963574,-0.048626621645303104
229,0.8721388081752077,0.5043558534548076,-0.9818131529850285,-0.27788990548596115
230,-0.07393502989095024,-0.27296726275880023,0.9086930474147006,-0.08689645390580912
231,-0.9610781058970859,-0.6130880333451523,-0.9982303232590055,0.20383200795514964
232,0.7876601645243391,0.24680536348168758,-0.40704036382702036,-2.528030755634813
233,0.9161441517140605,0.31342572641614175,0.5095408977287312,1.4564836692790157
234,0.3933971568770136,-0.4327123295412454,-0.6373723903863722,-0.2623188900600608
235,0.9679687183362626,-0.267054811884172,0.9533765547031778,1.1328859105387574
236,0.9583451819541935,0.22568854214614364,0.3356476336828895,4.460766469871907
237,-0.607179814278916,-0.25535994251123983,-0.09098458781738517,8.14393099601166
238,0.6466771749828375,0.2607844298311264,0.0840509162382419,9.002681792695482
239,0.8791919519881042,-0.5695892396818316,0.9239123819906427,0.23341002220106052
240,0.7635342126071873,0.3925912383119108,-0.16093236350792295,-2.449593620413345
241,0.30152671172637335,0.2568959537163997,0.5090093298934104,0.7142917875945444
242,-0.5533791258079999,-0.6452122918986016,0.34638558451135326,-0.30538509333970043
243,0.6604154876081769,0.1051366335437025,-0.04360269471217926,-109.04001976932052
244,0.8249506589076481,0.9611947856734393,0.4228584666593842,0.16803519981930778
245,0.6583004113293422,0.30709564320132765,-0.058461280052395814,-9.501641315825053
246,0.2608640960274746,0.5141149274104948,-0.5076921268332533,-0.1546976045857122
247,-0.7106764796476557,-0.49987532309741,-0.48073049438847826,0.4708006034956746
248,-0.11522118320309516,-0.26180329895389876,0.5465647279466106,-0.24475447199456896
249,-0.34515307121884375,-0.4109799498783677,0.5740414630991211,-0.2832809340642153
250,0.9921145434402012,-0.5654337857369236,0.5752834308801331,0.4292463159811134
251,0.26324570225109767,-0.20111656833704217,-0.5005920642735733,-1.0345983107566896
252,-0.9394599332486369,0.9410996728081178,0.23600150479612858,-0.35766989048121556
253,-0.8299580053549973,-0.01467210253751361,0.6943242476580607,-441.87478019853444
254,-0.8574483919398435,0.07103154688669999,0.26442583884917137,-51.14364656842089
255,-0.22036549522778826,-0.03217975427894926,-0.6990639616345671,24.224307394708028
256,0.5245937550228967,0.8169251392861632,-0.4145765776082737,-0.15088427086543182
257,-0.9128591164947426,-0.8590838088414865,-0.9065076296104697,0.10858038106332271
258,0.6756834477401568,0.1480993271215223,-0.05272165120835548,-46.498424906067434
259,-0.5574610049235007,0.9349221686957707,0.4096062131811353,-0.12390452810988102
260,0.5203773314280666,0.7162379196416713,0.13792343363682646,0.5852694092004138
261,0.709179260294099,0.525966530695289,0.6666481059758274,0.30600836212427535
262,0.4606394667133973,-0.9133767350089548,0.09535179837952201,0.4608106435537058
263,-0.39995659847966136,-0.4305449079454582,-0.07268987845938057,2.3620666347565806
264,-0.09880985333189618,-0.38932580712820597,0.37453461249553244,-0.13850710318946277
265,-0.3661751410227536,-0.3252156818410987,-0.9935196130766948,0.2773062069257284
266,0.5452396306059228,0.7497514222695103,-0.4834113658312995,-0.15967101907116693
267,-0.3906738146324935,0.7302195170223,0.5868405287937513,-0.09935219500222811
268,0.29195965255822554,0.7800012900248501,0.41495661366675396,0.09202792743156217
269,0.9589515532537347,-0.798788680269104,0.49832148124142894,0.24000118747603316
270,-0.6595068730177942,-0.02765082804032426,-0.20765230657404588,330.5646580407113
271,0.5506046087353318,0.988796875933168,0.17926771664392316,0.2499848675744293
272,-0.2119858269399657,-0.9758974412771082,-0.9980420804559869,0.0177476048303899
273,0.05418256619368256,0.814151729879665,-0.2739069677007806,-0.02374848590288206
274,-0.1521446226734553,0.5485851113436326,-0.3547828032206368,0.11339558590821001
275,0.2050671062193774,-0.3909177101028565,-0.7292493140205052,-0.1464331542576215
276,0.5672894855536321,0.06807528494330972,0.5375988233649935,18.119976285835094
277,-0.4711592474336799,0.20945243399825353,0.016765811320520463,-50.97561310280921
278,0.43729977175067214,-0.921368935166595,0.15878619432749974,0.2581603348132393
279,-0.882662251061481,-0.3005014181672514,-0.9302007648250994,0.836209207621371
280,0.8678309506451891,-0.7085966365814353,0.32911140909717274,0.4179113437459879
281,0.7475524714274717,0.8729215343665855,-0.11051406496586824,-0.7064214035819882
282,-0.9572689204245681,-0.6145681088531512,0.4194158281302518,-0.4808827943796448
283,0.3921844758934454,-0.3578598209904289,-0.8451548973803273,-0.28834892827057673
284,0.488212342228558,0.5122301904160742,0.3219496426509598,0.459918203574402
285,-0.5303024420623261,0.22929150793982722,-0.7968860098670576,1.0072600741773483
286,0.6073478666718659,0.5496020568943194,0.2371089650638163,0.674812272961938
287,0.4909186291989631,0.15296877980957646,0.6061936280876004,2.754118845088765
288,-0.7668428731165808,0.8093801245267693,0.9257390037075361,-0.10062430382332005
289,0.9799861903661844,0.1268787606715407,-0.5173819758706713,-9.363127578550882
290,-0.4674247613109208,0.5750126876276447,0.5913206519610783,-0.1902496861008511
291,0.8753614588677239,0.3109014036322837,0.2339308291125768,3.0806668236528174
292,0.04579827172489659,-0.6124589546526291,-0.6396997300236893,-0.015188296983109093
293,-0.7929641432521746,-0.9619431715934035,-0.8183123953606974,0.08333467069686407
294,-0.15686717643058268,0.5605474616999448,0.839048282083448,-0.04734896413167716
295,0.6108851250649958,-0.444021477257456,-0.49933079894614907,-0.4938026055075179
296,-0.4860964578262694,0.7951021341844846,-0.19412636127524818,0.3151971194431098
297,-0.7050396380918373,0.42734501478461295,0.15350997073894623,-2.0012889487331273
298,-0.12417411358905972,-0.8362095519578905,-0.058026222298576347,0.24353795711472678
299,0.0088832684496154,-0.517941748440859,0.957878481202866,0.002751000495206678
300,-0.25898024675748577,0.40788466138626656,0.8392778537444416,-0.14759657004870963
301,0.24476120910581822,-0.905565885231133,-0.7427886877508303,-0.031976235832730994
302,0.8477365110915869,-0.3979775722422909,-0.03173599237574165,-13.420903207704916
303,0.32430136874331184,-0.029240072808618178,0.888161770441708,33.9852088031633
304,-0.2823853472444169,0.7467781299112786,-0.2712089199757646,0.14857479613086624
305,0.1473347579726536,-0.6569979900943492,0.2654896994144076,0.10231035516203917
306,-0.7891814961351913,-0.4363530433619309,-0.2761947055215179,1.1941961370605185
307,-0.28303555395015834,-0.2369326610274003,-0.5760995144314758,0.696440079065182
308,-0.4025194148974611,-0.36254818029022284,-0.7990925829181434,0.304963883756551
309,-0.012819273324463198,0.3828525390942279,-0.14760730484573714,0.047150101222252626
310,-0.9614612284068431,-0.6089321024476122,-0.23474900436677992,0.878982871169844
311,0.015249725331913044,0.4445495541236304,-0.7815026942337115,-0.007857444460393218
312,-0.15253544475695668,0.9693095314868183,-0.3803074133641686,0.03397043833916198
313,-0.16717910959885507,-0.25405921554870736,-0.3446030606036625,0.5981128154201171
314,-0.6653061302595875,0.5071409343234339,-0.5477651888184176,0.3758027029716484
315,-0.13406877855263732,0.3969423637647693,0.8155644850400259,-0.08302417715720968
316,-0.9121960799707554,-0.634755912431963,-0.7480497509699515,0.2408431758116713
317,-0.3231076476503838,-0.09450074965538069,-0.39689372392141076,7.254251940982865
318,-0.6272036729956867,-0.7336708439552964,0.44102771858793033,-0.21024724906419448
319,-0.350848349013801,-0.8249784314903201,-0.28624092955536784,0.14331533094535534
320,-0.7686558950105513,0.9934719909434391,-0.3495536867135427,0.17729519116162018
321,0.40356077558485515,-0.8204112973190649,0.3621709405472626,0.1317413831621231
322,-0.07725822616853595,0.5387367759668746,0.0652216848231233,-0.324780248139596
323,-0.6458496882093305,0.2930716552995045,0.008463397608549972,-70.70159497687177
324,0.12582261670209127,0.7000845512477016,0.09387077310879377,0.21762935042011775
325,0.8452068146524192,-0.45013209293486733,0.67712322490286,0.4902362937010389
326,-0.046488513105003015,-0.892848784309477,-0.6605747492952863,0.007025188795100388
327,-0.5477097158022735,-0.8885945097966659,0.8353055616385003,-0.06608272702521506
328,0.9283505288315097,-0.7865209624879459,-0.6171212263665593,-0.19351339690739736
329,-0.15904170254994865,0.7030082536179572,0.01218948376570439,-2.100849739622188
330,0.7711808756458105,0.13693997857385698,0.10202603440935931,32.07560592886998
331,-0.4291796570912434,0.7223656534814895,0.5712633848446123,-0.11457205400459895
332,0.810375672634398,-0.18920651541240163,-0.5447805615635553,-3.3066083121515026
333,0.959369517566963,-0.8385799102707141,0.6738057441219765,0.1611211060796387
334,0.99104349331701,0.8907608835388563,0.3181368925350192,0.3124255485698158
335,-0.39619443402353527,-0.5362459790882339,0.49344980038316666,-0.2221914948869012
336,-0.053515326649813844,0.4672922858088915,0.2359485627044684,-0.08265588061319903
337,-0.11567485172611969,0.35744466453846924,-0.22211832596148495,0.32435982545606784
338,-0.057926149232691015,-0.7815313733501019,0.16532274139753222,-0.045649850861601934
339,-0.26293329848385216,0.7765928222974714,-0.6580789276111343,0.052719465284026705
340,0.4324315152200191,0.071618324325603,-0.7567418108123931,-8.865667360632923
341,-0.7433714724809446,0.2812100573948628,0.5891720769817943,-1.2696738432078007
342,0.6724627547858919,-0.6627006948834062,0.8093583624247898,0.15055065908813361
343,0.5025691818814697,-0.8099986354434419,0.2847864807443934,0.2140415297937485
344,0.9245830388403247,0.5194783035954749,-0.8626230597446316,-0.31606773726201765
345,-0.48971596126977035,-0.4396404379177079,0.7344851673732993,-0.2745086928352815
346,0.5843828868568046,-0.4013003714284642,-0.036713237664776965,-7.865490599821118
347,-0.6726338318057505,-0.7453798919397303,-0.09324588581550253,1.0331986240521034
348,-0.2995604721471712,0.7563634298735911,0.8043644031801631,-0.05180369699001174
349,0.6149199496161155,-0.7621250252953526,0.7892827852761555,0.10673912622796741
350,0.797977311373318,0.4459170146281559,0.2941061111507721,1.0858467680222348
351,0.32730986364247383,0.311057034783663,0.22753251919943596,1.1831115619605563
352,-0.15313290618115327,0.08695841003747784,-0.14199234796766236,11.349338235106414
353,0.8151806831469648,-0.0837307271454315,-0.6271486105657522,-14.753797755747794
354,0.3070868105510567,-0.21345325085553113,-0.1303032098751442,-4.116144748058453
355,-0.9187329864419571,-0.8482816136731801,0.7759318357726539,-0.13094103427565865
356,-0.19026421320627485,0.6818953809035606,-0.03287941451093612,0.9903476444612277
357,-0.8084897063917453,0.1365756318210105,-0.8846403541548442,3.89898395314683
358,-0.4209683403904383,0.04816226562098547,-0.7092839195161289,20.361306443869704
359,0.5283299391229088,-0.0019789121731701442,0.019371615177255164,554212.7139985937
360,0.2507033554516107,-0.16403596028435663,-0.927293705757462,-0.7995669604529965
361,0.35758503132267694,-0.19767403642757353,-0.18327023072201443,-3.973546312294601
362,-0.7658900269282627,0.9121637655671593,0.8918424431170917,-0.08213396344751978
363,-0.4710929400407342,0.16642726831921872,0.8599450366476669,-1.5738997551364478
364,-0.5696018011023776,-0.937147053131308,-0.8788404343928182,0.05872675065392108
365,0.44485593483437436,0.17884965622689575,0.3580227490311141,3.091168523886716
366,-0.8447758257526203,-0.07734298213712298,0.3923306163814497,-28.644258631469928
367,-0.04345066664989172,0.7455617193723587,0.11547340925591976,-0.053868810952201286
368,0.7692805571092867,0.24099851999165955,-0.3162864473354594,-3.3324647022704337
369,0.6976216406606721,0.4223511448741264,-0.002573556183342207,-120.92861387809167
370,0.3270718764819771,0.6454690545541404,0.7427408123518264,0.08410952850397753
371,0.09214687662899479,-0.536029361104164,-0.1573868539512835,-0.162153057910668
372,-0.9683029186336027,-0.2924845933915139,0.016140672525987387,-55.80508338362127
373,0.6983976789011199,-0.8232150568387246,-0.001966065796039418,-41.71269646285166
374,-0.22658109490202616,0.9738778870436993,-0.7254797030044962,0.026204720441517244
375,0.5847188010761348,-0.9329163950095285,0.48362546187302624,0.11054588631971268
376,-0.4690341213798257,0.9872319883559946,-0.8670294767343183,0.04416947868297827
377,-0.37791944789222565,-0.324916871748796,-0.8539564422402386,0.3335870107853067
378,-0.21814580847332699,-0.31351661505975814,0.03850338814127041,-4.58687535079148
379,-0.1670629350996724,-0.31784060068365116,0.5189361983261782,-0.25359315777457736
380,-0.3951198173290391,0.7453186873312301,0.30413577823302806,-0.18610901664078594
381,0.5001181988049574,-0.16178317136999354,-0.26723242802057734,-5.689930318104734
382,-0.07982210143362822,0.18248547270692117,0.8957954483274868,-0.21293539019491986
383,-0.9362736231849951,0.5192912544065273,0.4335476227121253,-0.6372855896614675
384,-0.14346881666412603,0.9837659478034724,0.6729932470029378,-0.017528847967254787
385,0.7733942136044196,-0.8971486166385618,0.07055714752174658,1.0837303997450893
386,-0.3453003251013811,-0.6126626774340334,0.6573807045305113,-0.11135951266148306
387,-0.9054896199378168,-0.4397221058715912,0.6470255265088141,-0.5759643445060253
388,-0.21710185239424318,-0.9988160766712946,-0.21133508766058862,0.08194283940624737
389,0.12365230662352067,0.4373966750402085,-0.7872249816141903,-0.06533449461226037
390,0.8712511388328359,0.5972054759598415,-0.27880782197835874,-0.6972378876684795
391,-0.1906513665676366,0.14256524122978576,0.5321638922903877,-1.4026759412393424
392,0.572605258393406,-0.23230827526268283,-0.17174490905833295,-4.916230475190623
393,-0.6608622514415503,-0.4861912909062289,0.2590589242416872,-0.8587923627911468
394,-0.1871208136540221,0.07176923894627896,0.6855606423800067,-4.2168647740123175
395,0.9553592165930571,-0.1874795723023206,-0.8490891688769222,-2.5473910845718484
396,0.8675479703104039,0.7573649039514305,0.7894291419196062,0.15246147857745018
397,0.15740265328850134,-0.0340254416379937,-0.2031523787825067,-53.25651345099659
398,-0.25924412659487284,-0.31479385844873264,0.20397755731447398,-1.0206202328247402
399,-0.3388202999651986,0.20406260762193673,-0.34507548434775837,1.876370465158369
400,-0.5443372633711918,-0.9774405503904906,-0.347351622878205,0.13052934676096375
401,-0.5496744630938675,0.23907524102889632,0.09904932542011324,-7.726360542371197
402,-0.839281667645311,0.9931699079448202,0.954521854110405,-0.0709357054284999
403,0.37765995798515384,-0.9205652987812123,0.15394750394985346,0.23036114307333413
404,0.7824156504000961,0.08647945308824334,0.18665763615629505,44.602174707160515
405,0.9064065549582936,0.21408229033196813,-0.3019684985257802,-5.211827694781924
406,-0.10054638595842236,0.33304752553081696,0.5783087898687778,-0.12473386655507412
407,0.05060603309944778,0.4790436506484199,-0.9148354158054106,-0.019182238462313272
408,0.32380397808157135,-0.15148541959641526,0.06335315627327853,17.72402651635971
409,0.646771683478107,0.042465354175745595,-0.11511394145204257,-247.93835085987985
410,-0.35444988755584195,-0.22755572604007712,-0.0804152325648213,6.773780509825251
411,-0.15965232881482305,-0.010124106986129533,0.3738302843471062,-331.57170383323165
412,-0.34682171618724933,0.43071442584872655,-0.5151149771942838,0.28881078437324637
413,-0.3536119404919116,-0.6416030457280646,-0.6760233149566961,0.10111662121814928
414,0.8522748915035958,0.6947268005483769,0.5609211159783039,0.25051857610346534
415,0.4501995641554646,-0.6835578580123562,0.5249519435452561,0.1460579153665429
416,0.07273921164707198,0.3968656323911339,-0.8763460571034924,-0.04193687889416119
417,-0.23724966032257533,-0.6978687653686815,0.12423311251757885,-0.31204041530115095
418,0.7541500142973074,0.7304129552568135,0.6051724378135643,0.18587963208253194
419,-0.3746311889962517,0.43001054406406136,0.29182046739113177,-0.5524845126405298
420,-0.3553361913366466,0.8954875540942071,-0.9408841196947679,0.03747782095546503
421,-0.5546919311313501,-0.04672139594850555,-0.8484042944701558,23.834580130821386
422,0.444599493447984,0.7503013807331056,0.8762072897068545,0.07172668280904371
423,-0.10223339857479674,0.9240778794348792,-0.2621041593154061,0.03634895025734758
424,0.47222458221431296,0.6187756401108242,0.2932909748768944,0.33463673303288477
425,0.8472006770267533,-0.8419358344675905,-0.3933973660939214,-0.24176141761036707
426,0.9072068127499797,0.20254702003832215,0.37399214487600463,4.705245003884339
427,-0.2754566172927435,-0.43359984562630793,0.46288625851318477,-0.25187833845773827
428,-0.4957750030655914,0.14940415784764793,-0.2887789727664021,6.120456659641355
429,0.4060735754751066,0.5153897382002441,-0.6566037788759602,-0.18527633585926112
430,0.5746252620596872,-0.4044150983308368,0.09196860430117115,3.0400486445395423
431,-0.10998763562452418,-0.46686323898521476,-0.5306617437665915,0.07567228793051639
432,0.6449181315511925,-0.3723187090693092,-0.11624134839139799,-3.184962796394958
433,-0.9051973181792683,-0.9412858868293723,0.08665677043533426,-0.9381835218644995
434,-0.4518931947382063,-0.5856983370537359,0.39840100579083804,-0.2631222226379891
435,-0.7106864079194612,-0.924801778246523,-0.8846155125370612,0.07475087528413166
436,0.7107876535554121,0.39817541425338265,-0.08766797437141016,-4.069491618202498
437,-0.16656541340370667,0.7445975743004143,-0.8642507372861985,0.027662534601472992
438,-0.23233051591203746,-0.07723356705300444,0.45808167061338523,-6.766144860636249
439,0.8442537256224762,0.41545926174745196,0.05403888444606464,7.202775134577863
440,0.4103971083293325,-0.47828765850777266,0.8384660041326928,0.17026705325990368
441,0.3269128300430111,-0.1983717192069272,0.5344149062064412,1.237040799688631
442,0.1789118186244354,-0.1420094137589667,-0.7038034391211749,-1.0030983416968815
443,-0.489563487749584,0.43612946937951236,-0.4126059333931338,0.49640119810476857
444,0.4917091476445796,-0.5338157273285291,0.18878832646988797,0.7273451671126978
445,-0.6690905573846391,0.12396243737415791,-0.7378406401728006,4.69604500932445
446,0.11876393632949922,0.03837936548471044,0.8145633832414867,7.876880469553305
447,-0.4900820655538949,-0.995228717093448,-0.6114306444752766,0.06439704606040819
448,-0.34431984776222246,-0.17181867640259396,-0.4956038657796593,1.8727369096108486
449,-0.3216693936183128,-0.3063598812894255,-0.6622377664151282,0.4118339515330714
450,0.7921879296319094,0.5110242023018154,0.32017855337020285,0.7539511029104005
451,0.42311720572704803,0.06699306872105648,-0.09470150271046118,-79.21988506404087
452,-0.882218629934705,0.010756775838136834,0.7491402305059258,-809.9141815300461
453,-0.8162918568086999,0.24553350267064755,-0.5810506555788695,1.8543857695809944
454,-0.46245806671354717,0.9049600734247643,-0.8294699688505884,0.05417550783046388
455,-0.49054985948405583,-0.7695554479678732,-0.8836162209139271,0.07459844551291515
456,0.1731725821934338,0.8267463877318066,-0.8510624953694073,-0.023689898732792817
457,0.22189758246952263,-0.0357053607032809,0.8430715906742905,16.429010311470893
458,0.9397710327240838,0.4703625268501084,-0.023524067688474037,-14.369257924593576
459,0.5427158018920915,-0.1830946148366659,-0.7723101855739729,-1.6680908423779517
460,-0.19628666656037908,0.6598722825974421,0.14720269305474876,-0.24369432015989825
461,0.24582742853938355,-0.20656502598949933,-0.594175686161287,-0.7715996356447401
462,-0.6981706142919357,-0.9505397961874977,-0.980137331846997,0.06273705990482022
463,0.15102617022917464,0.4467663731646574,-0.7753900757114416,-0.07765352096306939
464,-0.26573361239296256,0.036350935745439905,0.7441351842026878,-21.505700740032562
465,0.04494714663643995,-0.6956033243669111,-0.8507503919573889,-0.008688940177327556
466,-0.6056777760463841,-0.06768312443886959,-0.5937373673378066,17.720525414622387
467,0.31500465708834025,0.3309202455273488,0.8604754784156448,0.2660246841962613
468,-0.7902335393502238,0.7100038957225436,-0.06405185601921914,1.947567022312684
469,-0.4478537267843059,0.5891882062411682,0.8006707837408549,-0.12822250494819937
470,0.10537766265515369,-0.5506479487970974,-0.011109138768863325,-2.4894892431134212
471,-0.41258810802209656,0.40887290279672284,-0.9142875881180499,0.21480647039686035
472,-0.18559175373022496,-0.08119993854046204,0.6537291838638637,-3.426411644328462
473,0.46679726038627223,-0.7737169318912502,-0.31947851076057643,-0.19422833230186448
474,-0.5348919541030452,-0.1546215557694297,-0.4523591561960869,3.935797435942399
475,-0.8186457811169054,-0.6287787452294664,0.6707346165757835,-0.24566299246116152
476,0.5963432015237335,-0.6814598772191096,-0.9080759158274521,-0.11253397764766318
477,-0.69717882894586,-0.627126198901252,-0.3582251194837205,0.3937933715727644
478,0.8023867606189303,0.8106051134098298,-0.20196365522689863,-0.48115166173098756
479,0.5584993056742236,0.3858593807393378,0.6492127245945243,0.45979857835090415
480,0.48651914322991496,0.8049979010889898,0.012388919077750193,4.822443598559623
481,0.7756294347792323,-0.6723822347199573,0.03999107281795844,3.4138851195648363
482,0.12861343676293502,0.9420647655891801,0.6030638052796549,0.01912280928722267
483,0.8426936955904987,-0.294508927811731,-0.3508284602011029,-2.2037794767178944
484,0.3731984487669995,-0.6069818648650982,-0.5303131117566038,-0.15200090358465468
485,0.3251787536047106,-0.5802958055602725,-0.18226625785870798,-0.421606364298036
486,0.7180162950467333,-0.6918844065915164,0.45266362207778466,0.26368277267106977
487,-0.2342090507373109,0.5334684330316299,0.46538730655002025,-0.14072194339193544
488,0.09491133446939748,0.9371178445742132,-0.5315414930201667,-0.016180153155425956
489,-0.4447022385247761,0.02828789722062197,0.7456509063562791,-59.30926891657587
490,-0.6896085046933476,0.4550629393857799,-0.8733836254311613,0.30342039126407255
491,0.6912887850186946,0.9668764129982732,0.8097067595668952,0.07267414832376227
492,0.20703856382167807,0.4935704069778162,0.2936502008758355,0.23031003139448042
493,-0.6424730649927028,-0.6364638519830115,-0.5610801730360266,0.2249430880867046
494,0.8831905043593649,0.21868991254331083,-0.5180250905310286,-2.8368490666690978
495,0.9159189139412944,-0.19312948658290008,-0.3788373940704075,-5.158187811399102
496,-0.4518942669413688,0.9208498192484664,0.7708297045915751,-0.05501624064454041
497,-0.820625973781419,-0.41042061140169306,0.5309141710216732,-0.7302183648662656
498,0.6923469976291754,0.6421719491007587,0.4482688548837621,0.2980387417760324
499,0.9320779092453852,0.05014807931926102,-0.809817076120005,-36.42057621901681
500,-0.2705601579633907,0.5350953949852608,-0.40952999094938414,0.18361402086058035
501,0.06937712904931637,0.8579194496380169,0.45340415645147525,0.01654352055917411
502,-0.786094340953656,-0.3325326457365738,0.9146042738319167,-0.6185331834361562
503,0.13392251524285936,0.4428818680135833,-0.1441208424658207,-0.37699981813964717
504,-0.032089754986733166,-0.79899542747768,-0.37876362122402774,0.010560869819823735
505,0.14736543231070431,0.304301762828471,0.7472888655938503,0.16946823664124597
506,-0.1741585902403373,-0.6671584754699034,0.24709096130281694,-0.12601439605420608
507,-0.8591646473436307,-0.7260201312495622,-0.8718724749033924,0.14877030081247827
508,0.0586207811406767,-0.9338336720999949,-0.6111157818839483,-0.00875344845189142
509,-0.9780189270695199,-0.8784752577132908,-0.17561447200468971,0.5742725068490608
510,-0.28884693515258664,0.653059769238258,-0.9348148232613522,0.05765360234982001
511,0.3030667814742687,-0.1566080026205181,0.9709453017699929,1.0127582904732146
512,-0.0545033050022099,-0.8898507514884328,-0.0031661359553853963,1.7300118233574384
513,-0.7501879944303518,0.9260158829465976,-0.7102595003682131,0.09801810967342145
514,-0.003038136206091391,0.04014320995835918,0.8983868310515248,-0.16699743678534604
515,0.4952859109089516,0.7666047974425736,-0.40508057845482703,-0.16556236557816834
516,0.26023859963260265,-0.013179440592534286,0.5732445135008926,207.98307209592673
517,0.21003760163637852,0.8916063564284409,-0.6270415002792471,-0.033530852043846544
518,-0.3343397895540259,-0.6997128519909719,0.3075971700857738,-0.17666729656289182
519,-0.6215617164168241,0.5223149586248235,0.7959810110941528,-0.2277753687051201
520,0.8022432058774118,0.3555115679596541,-0.38540130614669854,-1.3106161887352317
521,-0.9367601234047249,-0.46005335058047625,0.5643308280538277,-0.624120373416026
522,-0.8045466631624363,0.47278582854310636,0.6624123633325569,-0.43239836551291516
523,0.6323892970767155,-0.13570658048100137,-0.12324345073534215,-22.172209965982063
524,-0.3486742882954126,-0.5043859424030877,-0.10637198535816861,1.0253139022533013
525,-0.4185710752028844,0.4315715791266501,-0.4445147544844037,0.4023161766224241
526,-0.5216270673356245,0.5774434912025621,0.7192818997209627,-0.17307412407104517
527,0.8998456196248137,-0.5063574113102602,0.1437642480089072,1.9426425816945687
528,-0.7314761995609855,0.7978222693392343,0.3895766374730898,-0.23473893079999503
529,0.3136128767741544,-0.34481808621688215,-0.12695754073552679,-1.6532763253671698
530,-0.9457722198827343,-0.7320970930858552,-0.6713114115007357,0.20917765729160784
531,0.304000194396741,-0.4093348388112772,0.4953629626718705,0.2914627421068422
532,0.5096105031668661,-0.19136093727161674,0.19914826197632562,5.560904116201836
533,-0.11876715485160427,0.8151164492338376,0.8297005693136721,-0.01714453797512288
534,-0.953896718009706,0.272773573355118,0.3624275281024796,-2.8149178659497567
535,0.9054089677663608,-0.14107717218544358,-0.013733522148115407,-263.5964175947776
536,0.9116127393059412,0.02125421406920691,-0.838232147695338,-191.57820859663775
537,-0.7445699149311604,-0.4719512093611864,0.507141962671033,-0.5245318529455203
538,-0.27033077855112597,0.6900464341833923,-0.5643485162265367,0.08005373728010506
539,-0.6074080007371332,0.7031925941586463,-0.9001857864235905,0.1085900208086048
540,-0.7888657490649928,0.9982848006741376,0.8112959248913596,-0.07764348567022458
541,-0.7233103659059963,-0.6870802374326499,0.03356192266106062,-3.6328969478764224
542,-0.6658909512745952,-0.0975650328715596,0.789663627248772,-7.049571577835532
543,-0.5964671260473569,0.35322906393547227,-0.44525170695069316,0.8543940097358672
544,0.7052242772280171,0.15620216684548427,0.8035733989101159,2.8623170032288914
545,-0.49610065212104804,0.4088335657508082,0.9983866943805475,-0.23657457032357582
546,-0.2812221767101091,0.82654555707553,0.25643098002579845,-0.12774256071363638
547,0.3427875381665726,0.6582793061536902,-0.3856933834722007,-0.16321218049015568
548,-0.9244762330599963,0.17729095073137446,-0.2768197022564487,8.455041653037103
549,-0.3494142713419819,0.3795409342860936,-0.5677022645567602,0.3400109501633407
550,0.11413995095399909,0.7115478254887111,0.8683532252506423,0.02065966163472362
551,-0.7556310639851225,0.799539297411425,-0.5385579486353502,0.17465775394581926
552,0.7102767979272848,-0.8410970796643418,0.4572405094726848,0.1747353659870922
553,0.5658728772503177,0.7142816451357077,0.29683916404917476,0.2973369169779342
554,-0.0827634067351275,-0.6273711888894651,-0.51126836587884,0.03272882634961684
555,0.4610842710515364,0.06173406674700743,-0.6888357502152154,-13.976711164675121
556,0.2380824425769017,0.7993986895121927,0.26573717160957644,0.11156766228869185
557,-0.08551223368450223,-0.19467673225771964,-0.9333075119977721,0.19238248486150528
558,-0.20519797882113622,-0.027029389595997433,-0.08301414333167312,269.2394209450873
559,0.033075968462054295,-0.9693590618383434,0.7054940359315214,0.003970452541645459
560,-0.02192138590159831,-0.4055703740981298,-0.24721574836447924,0.04289923656448642
561,-0.7040921403422189,0.06502310608645612,-0.623878571850444,21.241449050312447
562,-0.6396566461246027,0.10834370460546872,0.6022199241940516,-7.200697555096982
563,-0.8671874136657212,-0.6138473749230005,0.21479927118298026,-0.8526081751359763
564,-0.04894085479285337,0.9804270553537946,-0.11187189087764615,0.036216804860545244
565,0.5223323136106568,0.6861771873826541,0.8096230604230275,0.10903893709835137
566,-0.3593380255617642,-0.26892958450430093,-0.04464155017485205,8.856800950355716
567,-0.8459289800992129,-0.182799569063395,0.15864088210760707,-12.698680258099394
568,0.30236073204379244,-0.09816061002855525,0.5829533872906612,4.283583101103986
569,0.3935491551837933,-0.49508795558730356,0.37146163421857215,0.34396197450473254
570,-0.6555075411205074,-0.15540355236363856,0.3492453312098065,-6.184652959215856
571,-0.9070088562347174,-0.03642448742706916,-0.9336034925938013,58.27097674833693
572,0.32295537971424704,0.6341853865443068,0.43138869765698584,0.148126048001295
573,-0.40136627547598147,-0.03205516789166185,-0.8804399151854712,35.30491573949613
574,0.5480339196239874,-0.24825881514348613,-0.38689994323329446,-1.8288982846262194
575,0.11209021912768136,-0.30735340994411553,0.947490731887088,0.09965677115965828
576,0.8802198731998463,-0.5723223020883619,-0.4265613012188687,-0.5013240201821435
577,-0.28025867412933136,0.48226450197071613,-0.03596538931551074,2.666206858645896
578,-0.14873587288420786,0.5615663696339348,-0.11767454428091195,0.31894893369910354
579,0.45533158926445316,-0.17188443424003697,0.6583871672150066,1.8627881295806457
580,0.31258598141116845,0.7251683483275397,-0.17914557752844784,-0.26404373155546657
581,-0.23061165029671904,-0.3888534075412222,-0.09498769725881506,1.2777097303306566
582,-0.301286667143716,0.6525929524811971,-0.06634206100308448,0.8485869155651222
583,0.8865701099740992,0.9780861805288539,-0.5234203906763337,-0.14089589446900405
584,0.8062154485095292,0.8720530940392877,0.4199146065369588,0.20090669782020026
585,0.8882742707593156,0.7012906408882511,-0.0727256735300359,-1.9763023207297903
586,-0.13538944736561498,0.2987328488656009,-0.7148354841842353,0.16888959250192037
587,-0.9093821832215743,-0.09231961400179789,0.5247011864566977,-16.18216298254016
588,-0.48322130617887415,0.9094954203588554,0.9287640485919826,-0.05005296186163911
589,-0.47226867131970507,0.7853834033841003,0.8354807611198973,-0.072925494052092
590,-0.043752086938412926,-0.990542556156004,0.48716606119727857,-0.007283927372455069
591,0.45383995888725415,-0.6734247352522134,-0.6854388295835534,-0.11618392273144589
592,0.3186613996793881,0.7023784528569885,0.13848897712097652,0.37116073633105434
593,0.4753431969539921,0.19628586139878812,-0.7006644170007534,-1.4012296542800802
594,-0.9134685785458638,0.4120841345103503,0.7074679099143584,-0.6050694349724944
595,0.7942377770676856,0.15741173098601746,0.19443766248889416,13.11855786241128
596,0.11055891814254326,0.9132280592192621,0.08136099430959898,0.12966094279874277
597,-0.42045154754396297,0.01708578439336539,0.5071877591425469,-225.97868887574617
598,-0.3801568977940255,0.6069363800279772,-0.43902635023467274,0.18705791254967982
599,-0.09038815424262103,0.0038992246203444214,-0.783670462002575,603.6867838299275
600,-0.6045995878838102,-0.7282271132289755,-0.6971236483193715,0.13014110155094977
601,-0.09665617266078641,0.8276703810795316,-0.7644211755077264,0.014688322294094922
602,0.14106849728350834,0.8546421952994467,-0.2798701883202246,-0.05491549139976983
603,-0.5543168211285396,0.1645091302977879,-0.5106139283991957,3.192092911111397
604,0.30825178232283923,0.5726950666192274,0.3344576161709327,0.223618514630945
605,0.42545096523770143,-0.6122125288978999,-0.1352497359187772,-0.6678805515441252
606,-0.8285182266224096,-0.09118296834205153,-0.49321149092201333,16.077982981819847
607,0.221689435895003,-0.36543916476386706,-0.9339727238125761,-0.14143951613799072
608,0.906106156763274,-0.01846814061538926,-0.14856391302919913,-1423.015210882279
609,0.15004486990471566,0.17876728444602552,-0.9194214992674272,-0.40636897760624585
610,-0.6143780774575611,-0.4219109675925008,-0.6990247633415769,0.3929087090996284
611,-0.6799703286944239,0.952866246761529,0.6644239105606182,-0.0896955626779282
612,-0.7658480243823522,-0.082228656685712,-0.9806955169353633,9.19077536010602
613,0.7660866385444394,-0.3203987870807694,-0.2559699849575421,-2.320049517150961
614,0.35910197308855807,0.8093761953825445,0.9874631792295481,0.04417597692712629
615,0.3965633954021641,-0.5829727224328951,-0.8349375093516915,-0.11121217118059754
616,-0.8391302198844914,-0.9173073867984831,-0.4452981625147385,0.17821276695430138
617,-0.5548095054350397,-0.4167285679303401,0.5696262615478012,-0.4463108845802112
618,-0.07667018661068714,-0.6171046141575112,0.9779498356746383,-0.016382587297367482
619,0.8722650975239967,0.8271400442952663,0.6651458084817283,0.1525329532297251
620,0.7593138047835686,0.12732760493163187,-0.6924971652376359,-5.382056985929874
621,0.8395078032087107,-0.325863888840342,-0.17740682196315527,-3.546272342954684
622,0.5452309992095359,0.22726355979649537,-0.30574944086258604,-2.7475486690977573
623,0.31928687071003026,-0.39467641869383785,0.27213531018891546,0.5993823398152187
624,0.03321638858110143,-0.12680610459255437,-0.13682467280493715,-1.2014281603332966
625,-0.3089114057794182,-0.44170899003941866,0.22169202314016512,-0.5683312493410961
626,0.8833759976308926,-0.7075640178626239,0.9900197873762766,0.14182747697633918
627,-0.9581757238669244,-0.37782831460566024,-0.03883760277718529,13.752887229155544
628,0.49150476463042003,-0.8172079980065967,0.13698622004000494,0.42753903172709407
629,0.518910024070949,0.4236243517756555,0.962873902635015,0.2389741611175691
630,0.5694185627677653,0.8355239041818054,0.7002058649790974,0.09269968399979382
631,0.9966661966894945,0.15930888836814194,-0.948621324865472,-3.2943289826773596
632,-0.9722117003272024,0.756855737191644,0.6096141273077798,-0.22154897331241194
633,0.7442966761133005,0.8078826575039653,-0.5525491910935829,-0.16423612784530606
634,-0.7611623880557186,-0.7376408884766441,0.2155512419901393,-0.5164484304204782
635,-0.6968244518895552,-0.1367253278101881,-0.6478777432901701,4.5784925352939325
636,-0.4799547181817716,0.5078687516868272,0.5378129611057114,-0.27533165956644834
637,0.5391794275140818,0.7718060636538706,-0.7856866226609489,-0.09167643527346461
638,0.6145849205875169,-0.12242180023784432,0.4850144526043598,6.728214567678704
639,-0.3015762858484652,-0.10073416498197663,-0.7154488546376612,3.3056369160184897
640,0.16253039467397024,0.004789367902603425,-0.5721486562116669,-985.5063910459567
641,-0.21336622147965634,-0.1508484559163612,-0.20357759559046107,3.665254059269991
642,-0.6472246579313394,0.42069485642479787,-0.46681419528131807,0.6233999057157814
643,-0.0631248262536388,-0.6780246026773686,0.957872688901722,-0.01140753041181169
644,0.031734427066308024,-0.3656901503707166,-0.6563295932246318,-0.02877214797755245
645,0.7789156457159203,0.3025566735553986,-0.13068182299823428,-5.181457088274848
646,-0.6768122121434701,0.4032781131246843,0.09011310220368651,-3.6750315904971926
647,0.6363443508457334,-0.745436285665253,0.4010666891546415,0.22721901763329796
648,-0.15729355661352495,-0.6159397234204924,-0.2787786390978624,0.1183491511814556
649,0.20904690151205463,0.828649806588772,0.8211249120109283,0.029504113890257703
650,0.8189465543428707,0.04403316742849084,0.6972163040956445,48.20791054312432
651,-0.4940461692057212,0.20854448143941529,0.03950496315528462,-22.882770621732725
652,0.5684485586464241,0.5793930151832318,0.26909019049331073,0.5007684150980085
653,0.3138705349778892,0.9067883264811023,-0.44719325471128446,-0.06792561796681215
654,-0.26515708035235375,0.9595946427976079,-0.3764116969803417,0.060877193696221646
655,0.6897944942339738,0.11681284015214422,-0.7421113779310988,-5.420752798544701
656,0.7712474763864821,0.8001124599024172,-0.737543056209855,-0.12998536145712195
657,-0.862782533239447,-0.8324804198793441,-0.3271731453260236,0.3028069061741162
658,0.31725456511657035,-0.11352126724227118,-0.2915306427265445,-6.7198463797646
659,-0.07875648069890029,0.8637000919929161,0.46049453561503784,-0.018244250400953135
660,0.6559867037028122,-0.8959029577407498,0.23463320220821515,0.27718757826073587
661,-0.005995303111794303,0.24644293190934619,0.1347930222234326,-0.05827752997964265
662,0.9407992107168914,0.692533245935887,-0.7184546853541285,-0.217273342145408
663,-0.9761082072047806,0.798385528880031,0.836835303777288,-0.14562059245666217
664,-0.9885418627659255,-0.4506584818052739,0.7464980694829366,-0.518873408110161
665,0.22202976385084305,0.26705393310144054,0.2877946591941236,0.8608364458845119
666,-0.865246012165966,-0.23173536787727644,-0.2508770759486805,5.110743909915872
667,-0.42064953840894237,0.9824985231316183,-0.9960529227914761,0.03481483377994813
668,-0.10612043926440262,0.2683148929555663,0.4212811096167748,-0.27843743937306425
669,0.28922076261942675,0.17764924993530617,-0.8608385782958363,-0.847171086295743
670,-0.7736073594028539,-0.9132355444613061,-0.4820506406438023,0.1531272387199589
671,0.5582551567246403,-0.37701504523837137,-0.6913257621944242,-0.4520877872293018
672,-0.7830196421994349,-0.4130806795182891,0.5304213520890091,-0.6884494047213646
673,0.9728615386495199,-0.816015526580028,-0.2792648520564103,-0.41632073946925735
674,-0.0755080441251994,-0.3269270394677408,-0.1048147488077209,0.5363635736445252
675,0.05702456304639525,-0.8756403610467594,-0.10558833224058373,-0.05605116312293375
676,0.53643830363694,0.950095211433237,0.025662212388324557,1.84281425487141
677,0.7227110560741001,0.5849366464582009,-0.3695604352792865,-0.45483272335503794
678,0.14347962409811843,-0.6677674598075576,-0.6631795717534565,-0.03860990401283547
679,-0.5150186600683919,-0.8727634884378725,-0.11698105908666623,0.459943422637637
680,-0.7964701513825181,-0.5235008987747967,-0.047504484846873085,4.86844384089693
681,-0.23532406774171188,-0.5146998520031769,0.06635759082844861,-1.0652653132050158
682,0.2686532224808804,-0.21196471148582519,0.01385204768620052,34.35113440387334
683,-0.24724764930877496,0.037783171028286766,0.5203130547449528,-26.48870803056272
684,0.154264052911534,-0.5823329441318434,0.5780141340254636,0.06262874296030693
685,0.04917910393784686,-0.7867527268226573,0.421939090496368,0.014984576435989504
686,-0.6993164247020087,0.0482711202402939,-0.11952897456614675,199.80939985089034
687,-0.01246564065175848,-0.5217766454136996,0.6088311491307987,-0.005984647881092954
688,-0.3646294471977576,-0.2284197178672831,-0.1493295078097001,3.724166247946812
689,0.3253603365596176,0.6288241623740465,0.009640387183608823,6.792064883115809
690,0.5644463586476716,0.7291799435157686,-0.8927495452751126,-0.09462671086739162
691,-0.9764641525213216,-0.8924607004782632,0.7226887376277877,-0.13499477254718484
692,0.5687944846690045,-0.5964408376075319,-0.4768032072842978,-0.266852700177423
693,-0.3938900294761094,-0.7179651534609925,0.08592122030425853,-0.7077142734625512
694,0.6670079684897536,0.9925708837708811,-0.8455216480315064,-0.06371964742882975
695,-0.05530532001303712,-0.05291978736089531,0.3673426490494034,-4.278086004328348
696,-0.94400594778304,-0.44888351872061527,-0.6160626569338394,0.605163410739019
697,-0.18288234503094047,-0.40817943549968216,0.3655359207899189,-0.2389624241976635
698,0.04748334675323229,0.8390243063622389,0.8593747387238322,0.006245968494175146
699,0.05690046227635848,0.6358347927665995,-0.1918669813904299,-0.058373685012365784
700,0.3983190422137788,0.13340305732804647,-0.5075552539026127,-3.5091853820182664
701,0.39279409048750047,-0.8825393913081327,0.8439395873193984,0.047552737628902136
702,-0.7315500207103769,0.2486183403690576,-0.5667937205927844,1.6616624533329576
703,-0.9545410830920193,0.46386490016914905,-0.12680322669829636,2.7840141166198498
704,-0.023411625689345517,0.586043816755722,0.9084392550060874,-0.005971255291258906
705,-0.4418126894483472,-0.8442819146153846,0.18697043656031487,-0.2638034108422392
706,0.8979234135863556,0.23536245610523454,-0.7931217430599093,-1.6263544454121897
707,-0.8312911454984284,0.6607126789397972,0.6347828700407878,-0.23872220113954987
708,0.9343574025335744,-0.564739321345803,-0.7383082008155688,-0.3157689471394602
709,-0.22950678128727797,-0.8407779487137277,-0.3129051191752863,0.08256773368388944
710,-0.9381868408998366,-0.08305745865798086,0.873861457777767,-12.384532319509209
711,0.45175953279209025,-0.03829524264771367,-0.9609703968474712,-25.50925651697316
712,-0.15615172532759547,-0.6006264684387874,-0.20471785593802316,0.16825666055873473
713,0.17966071653667792,0.004449821906287399,0.47566577453467396,1517.9452242953525
714,-0.3877808903801312,-0.42897525564062633,-0.9821237954697957,0.17074414591441794
715,-0.6661897863640924,0.04743885280503446,0.016735772950182914,-1407.5828752549176
716,0.8668432706098501,-0.36394154471233753,-0.6498024267190599,-0.8014678780606482
717,-0.9029657528407637,-0.5322595469870102,-0.9570501346071689,0.26502070580833625
718,0.6925084136251733,0.5755181549622859,-0.28643737765968647,-0.5808546156412104
719,-0.014754936932982021,-0.16081564005778293,-0.2697137990554912,0.16833241727650242
720,-0.4867409670063272,-0.03656379419269773,0.7852724617229874,-36.89479973665352
721,-0.756949434751691,0.15170717343490292,-0.3168404221701224,8.260459155657013
722,-0.47224449134277857,0.5215408974764895,0.9618363500951135,-0.14364122841447005
723,-0.1455758713240598,0.15293920928223237,0.1898149130597695,-2.6092249508576155
724,-0.9601823060649588,-0.5967668046827799,-0.7801067816753409,0.2750302518487086
725,-0.14728453764265415,-0.44690485270574554,0.8938094684674434,-0.06565566429141897
726,0.2592336228832013,-0.11593505417681427,-0.9428117392871314,-1.627897084080736
727,-0.9425060972444657,-0.12444294083315954,-0.25957242335486086,18.658435308589585
728,-0.4623822364613406,0.06087256767372584,-0.25499427452415735,38.94194200965969
729,0.8518453448379792,-0.18504731630424898,0.8035729093147821,2.463542286630621
730,0.571270142831966,0.5896649673048187,0.082025629174586,1.593938053069614
731,-0.592382098856393,-0.8945454255273957,-0.1382442364761476,0.4261281548049842
732,0.756563952700138,0.28721515729415326,-0.8519439782379292,-0.8566630454095082
733,-0.538765087919509,-0.947726126254157,0.8234257058493362,-0.057969486663444064
734,-0.5017708161437759,-0.9287530729701046,-0.532113057962434,0.08699435858138475
735,0.020861589047521445,-0.1613000836394871,-0.8231165352766308,-0.07751879455083087
736,0.20219307364636419,-0.9823870814500089,0.03340107607756759,0.4991495294228852
737,0.3033694805737781,-0.26604373665227543,0.4234383256070142,0.8055004406164532
738,-0.8589543322081157,-0.21700003170565352,-0.34546962579051055,4.201755200185845
739,-0.8629514564897027,0.7704483348549862,-0.05066682369750386,2.2833147442823365
740,0.627596457871431,0.3480128255229826,0.748727519360646,0.55075230674686
741,-0.9884548463458618,0.19491663728069497,0.3556286699509046,-5.821734357859796
742,-0.038801238754175627,0.8720142816067837,-0.8241989985983806,0.004926703757041529
743,0.17812756386272022,0.26141894934328325,-0.17693678303708982,-1.1722736622488659
744,0.9180450099908577,-0.9576581644572084,0.3522044677420235,0.22617167712959807
745,0.6841300636078071,0.3177675229837178,0.40501061074705835,1.3312002576388617
746,0.4343820102007283,0.8757524099932559,0.4626488614030364,0.09741992408395449
747,0.45868321449435445,0.5701773514994553,0.034129772526602986,3.28964978066719
748,0.39068724429650836,-0.10882272005673777,0.8956785586418723,2.9310824561260227
749,-0.9810077788704914,0.43128638523968843,0.18563880197097515,-2.260800980178151
750,0.621402909148669,-0.8237591970909601,0.13757052770224631,0.5297091343904913
751,-0.6486317635362346,-0.645879314699378,0.5998643088388638,-0.20626834020070933
752,-0.8072472404807258,-0.862496357881928,0.8138829181567775,-0.10610118437958545
753,-0.7872980622813528,-0.21167087185841993,-0.7560666597552794,1.8494689045257435
754,0.12364642672169635,-0.08784259289273466,0.2210178800513103,5.769444553861448
755,0.8531495491553058,0.9082571363799046,0.6029176830355649,0.13650219727671262
756,0.489814545410324,0.7738326318639765,-0.6479813807962429,-0.10045353110203033
757,-0.7326153704975378,0.22554049957239375,-0.2658736054675903,4.310641055438269
758,-0.6821515464120123,-0.17423002551591882,0.6649867220912273,-2.689131436791447
759,-0.446437213921935,-0.2794463572631203,0.8606411959216529,-0.5286052708668226
760,0.25464363757251585,-0.3606495761259869,-0.5224966164138574,-0.2981732169785178
761,0.21413882777369175,0.9974461714200236,0.09848389488920128,0.17391674779982233
762,-0.0020742244764981876,0.6715498943246971,0.05780856773101717,-0.0063313615018614116
763,0.6372806532298234,0.9232943542889676,-0.8193409863714327,-0.07260655480715464
764,-0.005558495418174436,-0.25533008766707677,-0.39990192825638315,0.016966407787688206
765,0.5706287561888341,-0.8437696954589171,0.5524272259923437,0.11545715946987306
766,-0.07019500194543915,0.4505141546915439,-0.5191544572337119,0.0530130581682291
767,0.7908538092077297,0.36476675107838696,0.8534189180470355,0.5542345442764307
768,0.5265599534550807,-0.21651142266341772,0.9725214073607829,0.9191304734600475
769,-0.6323095084335828,0.5577796747873078,-0.8097943350776919,0.19971916643417334
770,-0.838742346616371,0.30542422502869426,-0.5452424165815632,1.3122667085102686
771,-0.30111199600994487,-0.5181759141017741,-0.3299709356487295,0.2704506696187687
772,-0.5071391468936521,0.007940116486017335,0.33381454502553454,-1917.6010912251547
773,-0.4872003306345747,-0.25513795108944093,-0.23984876540195432,2.4831908305028927
774,0.8571074591547128,-0.06793911068199288,0.6889914317141299,21.447262841065246
775,-0.3053886613557113,-0.6092967086647683,-0.1168268053889332,0.5603287145611329
776,-0.42707071092124593,-0.5236238304916978,0.17058445116950938,-0.7266272397436252
777,0.3235566958402474,0.582186707210141,0.8536406991480441,0.08898992577749613
778,0.06469652231834155,0.11465467433697962,0.9439605658129859,0.4148906906297516
779,0.5202348511551955,-0.42088956088075524,-0.1959570910871442,-1.1925930833748406
780,0.5464016577825732,0.828417750430706,-0.2894931600404709,-0.21885932000297711
781,0.9340081466152101,-0.2882645703563156,0.24184331448840535,3.698487694139605
782,-0.040058154380750555,-0.8219341901224426,-0.7585204662065368,0.006220705996279709
783,-0.8579164457942334,0.6198837240862167,0.6066077578498101,-0.29289145529830934
784,-0.9744664924548729,0.9733759227622991,0.2844950350446087,-0.28768760837469554
785,-0.5854771451037188,-0.9990551586939511,0.2348678997279492,-0.19874558273995893
786,-0.4482571322149307,0.2596171744437863,0.8383227188094362,-0.6313050604767463
787,0.589743660902253,0.025025606439412984,-0.6356580904008373,-117.88556182634774
788,0.5899875994962953,-0.950124947852879,-0.7086130505514663,-0.0733943163877946
789,0.5556014681525452,0.48116868466936924,0.3709810665357729,0.514762694350095
790,0.3232460903450669,-0.6695609879210642,-0.9283099955755307,-0.06180877083799239
791,-0.5030235004810562,-0.11306596466414187,0.6247495459455639,-5.011972472705994
792,-0.17487026096474678,-0.6626844228458351,-0.8159176977217146,0.0388370484242203
793,0.4752599309869667,-0.7581188019365492,-0.02807704515135856,-2.343664280051886
794,0.25645848258278914,0.9677975843087951,-0.05708220204784631,-0.3817134107837476
795,-0.6634304301582579,0.37502449426697315,-0.12168622813311569,3.08478447143372
796,-0.8624493587578672,-0.5159468489565611,-0.4243874230121001,0.6075070272081491
797,0.13676771145127908,-0.8537395963350609,-0.5967726075188378,-0.025021537176598562
798,-0.39202327157615247,0.5461633904635046,0.007105486325798438,-14.718481453764278
799,0.842090686115395,-0.8179321113473863,0.9226298111057454,0.10856429081738682
800,0.399645924950752,-0.8808420766891472,-0.14412784327399253,-0.28439472237484875
801,-0.09263282361116931,0.4966148821754721,-0.9840060270097293,0.03037510723127244
802,0.181359358353546,0.8992649370068007,0.8552679555832117,0.020866642976171527
803,-0.34070393273178046,0.4404897150486351,-0.8444891741652529,0.16546328829767368
804,0.7762650432336813,-0.9164766649004383,-0.36070276666920065,-0.20389560701318876
805,-0.7946313710537243,0.4143423143656022,0.9918405370416492,-0.371360248071559
806,0.6513478595686202,0.15981231298629028,-0.42241796976604573,-4.804412265909976
807,-0.3441412420273242,-0.0029944626080111725,-0.8230266114802718,3710.865307752181
808,-0.5222408232886233,-0.10043944586199083,-0.766127508584437,5.377139220070169
809,0.8617983236382691,-0.5775353623720814,0.5361448494811918,0.3834921517143327
810,-0.21618480433969345,-0.8389366170884025,0.20989603164208304,-0.11645356049188244
811,-0.9693947144658668,-0.7676366111716635,0.8680853002251316,-0.15080544490933068
812,-0.04440551998081155,0.4689868960843342,-0.5213721910673157,0.03081469093746191
813,0.2119989839793852,-0.37081519786045236,0.05582803964529548,2.1976396724588128
814,0.21255349511657484,-0.3323846369683223,0.824058395256507,0.18578836552451025
815,-0.4936737793520467,-0.8041366263245169,-0.36099470724683114,0.16829440400437112
816,-0.4046162052021296,0.5707329321865895,0.3372436371443315,-0.293105372281962
817,0.8427896381247713,0.22458595001542792,0.8428716366164222,1.5775484877828807
818,-0.5887528136776894,0.058176608905886384,-0.9593094946834415,14.430041602876116
819,-0.18125376785747327,0.24552944744672867,-0.028120241064603313,8.508460107414896
820,-0.14480045833166222,0.855664938380047,0.9923923984837004,-0.015858757927645788
821,-0.9249490470571053,-0.8267460390562014,-0.35172610454091613,0.3061675065969976
822,-0.6313054337823005,-0.6649126503519154,-0.19618369215554843,0.5792120231472472
823,-0.32943993586412956,0.10412265443397861,-0.3213013321870828,7.525985756984417
824,0.9258497880658132,-0.629845040699003,-0.5919256898903797,-0.3137588974371422
825,-0.12749214220487515,0.9372069501815761,-0.4659907855196581,0.024787071767044512
826,-0.5946713668386463,0.40224475587022646,-0.14028235256973565,2.084890938189951
827,-0.034415064676762475,-0.16971915524568404,0.46415536765736465,-0.20483946174698514
828,-0.944743318238938,0.1136564977150647,-0.26234963950414514,22.183749609436305
829,-0.04385714778824146,0.5325894416129828,-0.7315980928642096,0.016817942010340918
830,0.9074067959695065,0.3391680537248387,-0.7532111065140643,-0.8333847895468297
831,0.5271735074317021,-0.31522183787171465,-0.5330761012833207,-0.7919940276855675
832,0.49326368274401755,-0.0303706270730264,-0.5891735550830945,-72.2301494694642
833,-0.21255603408737,-0.03563143141005409,-0.9178285217756419,14.515616508945794
834,-0.9620365585161854,0.23334309799907316,0.43891626210446444,-3.203392253233148
835,0.24225717535923086,0.6368690474780787,-0.810295130591687,-0.05865746250454028
836,-0.7602948243548191,-0.9433207554201193,0.6888079947609775,-0.09870864963052102
837,-0.5241913222735299,-0.3849691413316634,-0.5295074870361884,0.5315645634054392
838,0.2236089296276087,-0.5955897226094451,0.6921450055285787,0.07247492911047558
839,0.10473856942651616,0.49570483843616264,0.26574997508170073,0.12763718734964183
840,0.5418818081699088,-0.18884691719920177,-0.5462881121659715,-2.213365611244547
841,0.03767395563955356,0.9408761222166584,-0.31218062773829613,-0.010848270716566832
842,0.4201017432172993,-0.3142400886539054,-0.5850522188985567,-0.5786644620799355
843,-0.25185747783937473,-0.3314259167776925,0.9870593847375342,-0.1848539653990546
844,-0.16429425086654637,0.9762107677319682,-0.5564524005482796,0.024654562188031227
845,0.8779494259718852,-0.4096009463023955,0.18278711580055962,2.278201599255131
846,0.8689876763127877,0.5966750707191442,-0.34627923664683213,-0.5609207621650999
847,-0.6826022886527343,-0.257694156065265,-0.5665123624517958,1.4439074091440955
848,0.9843185005431443,-0.8063965504573272,0.35103842113183603,0.3431419450338782
849,-0.6344458711437435,-0.8716556890346776,0.16132471615180988,-0.4119019649425783
850,-0.41075421582681493,-0.8045867769813859,0.5535225443000404,-0.09122021047367358
851,-0.4990657903234903,-0.21395999665239618,0.9351325152736754,-0.9277043953309451
852,-0.41370114920312306,0.5607093642498628,0.19603721530004115,-0.5341493695702343
853,0.4760355552422455,-0.9036348435494339,-0.4398384692280797,-0.10547520523906855
854,0.43590723378922314,-0.12877901942229153,-0.6822673721635462,-3.0657686697422464
855,-0.5263098993991595,0.5182464608133106,0.7083391106382544,-0.2201495302367433
856,-0.23715214992881162,0.6264757575868178,-0.4133668126650283,0.11632499860387996
857,-0.4507218581513117,0.6099202727590696,0.4302146222087333,-0.22411320747044036
858,0.5970716833367058,-0.3851155138740856,-0.67697512159433,-0.47321867368286735
859,-0.4411222100485199,-0.8601574563213532,0.22336981114221643,-0.21240692257620852
860,0.48283716225625173,0.035593228623006956,-0.9030065287105387,-33.58653226294353
861,-0.7659487047590332,-0.2626551254007059,0.1168779725823379,-7.559366342073385
862,0.37601819399854297,-0.8117886048199214,-0.7617785712115164,-0.0596052263845315
863,0.06156566128354912,-0.29299736807953325,-0.13831782241827328,-0.41259418524753433
864,-0.597491581949448,-0.15157855039041657,0.6632568830940659,-3.1200723326876307
865,0.025423111107547136,-0.842262172191552,-0.8868899580128955,-0.0032155443347745595
866,0.6679659361056607,0.601513124815126,0.5851717107762704,0.2510561780112303
867,0.39452063785482294,-0.9745209666977368,0.6485683159538811,0.050970836302645615
868,0.18780566635488638,-0.4079445728643547,-0.8542949104780191,-0.10512080759093302
869,0.8853510908653799,0.9008861970602771,0.45268412613161835,0.1917655238327674
870,0.7872856904221792,-0.24024446148627154,0.05790981794725347,18.744053942995098
871,0.18217253319306326,-0.9476628880727205,0.9973653714198889,0.016184936556712284
872,0.9122586861942592,-0.06974709330374673,-0.48281722950990114,-30.908160386867678
873,-0.3063778848869485,0.24969508279573005,0.7878204257570038,-0.4963640656964321
874,-0.22776997028697843,0.8353604670079635,0.6123252243593138,-0.042418627613107614
875,0.5973877483511563,0.30710001795128483,0.31304604064736474,1.6101952775386674
876,0.9172506596455627,0.8205448404383837,-0.3812563456284608,-0.2843521065324648
877,-0.3539564164482485,0.2801813945387379,-0.16290625210726328,2.2025389038424086
878,-0.5422857376031833,-0.01784388350121091,-0.6032508423685614,224.66820890101783
879,-0.9417968040355083,-0.11903286057823026,0.41163918995895776,-12.849815504314162
880,0.4791486877599378,-0.1825796276792555,0.4473335302828152,2.556962463056766
881,0.07776947627087316,-0.7709185765933804,-0.3871221051082945,-0.02689888745162561
882,0.8472058057913607,-0.35588906042939605,0.885388481472172,0.6011957675153027
883,0.9094659558684943,-0.4336906957029838,0.8134426288401964,0.4730308274131174
884,0.2765699745365766,-0.008407390140753757,-0.0037587070833504654,-82838.89193744358
885,-0.3927751153239447,-0.6259633833326246,0.3387433879503632,-0.23548617498007157
886,0.6890582461394414,0.8891069704921029,0.05475686882750863,1.2667748555688902
887,-0.029647059479994464,-0.1416989059592797,0.6370696760634311,-0.18443860673527127
888,-0.1323914746507322,0.6949723638646239,-0.9851082644327465,0.022142727902560735
889,0.8496485305182122,0.9225187849429435,-0.5022137526029959,-0.1581941461495239
890,0.43048024894465287,-0.9781045613383836,-0.8528411583140014,-0.041986014012971376
891,0.22145384745191432,-0.3364208291877684,0.41713696537048706,0.37327502631378756
892,0.2320094294710331,-0.5457010970026566,0.09415852536221414,0.6584555614030836
893,0.276842137853897,0.9503885874606453,-0.19348506691195455,-0.12605859235690914
894,0.6239119317279276,-0.2714505287127871,-0.13582535663584783,-4.96079395771834
895,0.29039015841391036,0.7883539963061212,-0.30903013538009483,-0.12031745874826236
896,-0.9463492998086378,0.7313824332262706,-0.4039448418296989,0.3485222301400906
897,0.1785104098764445,0.4387644493937688,0.8856072005673725,0.08332008040365334
898,0.9635450747707097,0.025482353544601155,-0.5147332962711875,-229.4039206355045
899,0.5803179497247226,0.39235304138338933,-0.8163561341517243,-0.3674704595800008
900,-0.7549056592665297,-0.2610079856587624,0.5626401876394229,-1.5672723721144555
901,-0.8080976965354689,0.8008881440703404,-0.7250400973175102,0.13827645921943024
902,-0.20796537298296403,-0.10941304497104487,-0.2953436237286735,4.68074903940424
903,-0.030169844109114052,0.9987570319415686,0.8764520137711702,-0.002746093743995289
904,0.6088926678780098,0.06706085756474489,-0.6498414229172556,-16.580028913958987
905,-0.28824858552610055,0.16979414790493097,0.013322297366885172,-59.72178253873663
906,-0.9763067962151692,-0.3100318537662019,-0.8274635324107062,0.976820918716344
907,-0.29498928639732247,-0.44915687518764313,0.7844806749261415,-0.14832625314864079
908,-0.8282694627738387,-0.5383119942558672,-0.24371980011416516,0.9332604453869012
909,0.5408996764535152,0.15627575209115396,-0.3495596083677861,-5.041995087596063
910,-0.6802745716165954,-0.7311366626321518,-0.376091022700207,0.2692677134999774
911,0.6917108490327042,-0.700894243042439,0.740031627855265,0.15141170727659325
912,-0.027249815599080796,0.8762068576007003,0.5989885699886224,-0.004715436195929576
913,-0.2506927834363786,-0.46522301177664005,0.551722887795022,-0.16706619849363383
914,0.3946073170474351,-0.1487134143068518,-0.6806793080631284,-2.085991007164058
915,0.10322135695747026,0.5796068404780457,-0.48233999768230573,-0.050691999087838696
916,-0.8267351079985332,0.6555868595956116,-0.9526780697420376,0.16067557708827412
917,0.7835409881816069,0.2547683883548051,-0.8511897652630074,-1.128585284884147
918,0.3891884167283295,-0.1694491670557674,0.639001397909424,1.6879880084663672
919,0.1688829333350863,0.29561441359680907,0.00010938117169367878,1405.98962884597
920,0.1288473380775499,0.42515177377488755,-0.717140938910227,-0.07909938020100428
921,0.7777715341524296,0.885393882098537,0.5380119822267599,0.14674969207193173
922,0.9079273453846401,0.7027743535332347,0.1879462956403959,0.7783512972424677
923,0.8761588484708993,-0.47742585345302,-0.8375198614645378,-0.3652296323437238
924,-0.8679974391590493,-0.546388896680464,-0.9109862077052187,0.25397621542291166
925,0.639512855849907,0.18789579930189082,-0.4137250604124094,-3.4841227350802626
926,0.21006407545633077,-0.08981904707488542,-0.4352297447389044,-4.760871592955674
927,-0.7126886212009431,-0.21798586392859454,-0.9573438664879905,1.2467097025563323
928,0.49286321558803525,0.40373011903262945,0.2639775951841554,0.9115220406467711
929,-0.20509764592154456,0.3608175546157757,0.2342964460849173,-0.5350690032921698
930,-0.24238960160305,-0.8157910866780884,0.12942107593235064,-0.22394491368720518
931,0.03067409970849666,0.35779230281877883,-0.5648185613240146,-0.03375911196327341
932,-0.06709644113156465,-0.23953956666327825,-0.8578020130187325,0.10847959149917148
933,0.28907568503258396,-0.6671834065369064,-0.6818536844361689,-0.07579141843485977
934,-0.6906267967635589,0.5474868103208865,-0.3872958355732683,0.4734165238032889
935,-0.505999822565069,-0.15775092696711268,0.9463345387666933,-1.709826208439753
936,0.798154346686895,0.35015005429425017,0.6514293300009719,0.7952456728539835
937,0.7242656414165012,0.78717051998616,0.009223977691588114,10.083983650667546
938,-0.19090382703677644,-0.49176582441178374,-0.2601796717450364,0.24144305718480716
939,0.9279086177859621,0.1822778762167887,0.4452206226622295,4.991742243999583
940,-0.2945960409595998,0.3690182120521668,-0.8568285805447582,0.20092200207561792
941,-0.40820892054701496,0.6537949508511058,-0.5285889563080071,0.14377104096587914
942,0.3993562676166209,0.9155942347858423,-0.3424530128622494,-0.1106989624875094
943,-0.8569169121551006,-0.9845746038200467,0.9039397147531765,-0.07782016079229918
944,0.11835448953423211,-0.04753342697824792,-0.43066505500686425,-9.67914478178357
945,-0.5066854117242514,-0.30375945598054654,0.6036576180960145,-0.7238994355724077
946,0.463405363378107,-0.563679694169422,-0.842153508854194,-0.13781457464431826
947,-0.896718909003938,-0.5833203749109521,0.08456852168151352,-2.4798386949376896
948,0.010627421129502768,-0.0005636963171689047,0.4926720600133374,5402.188051971405
949,0.43335500243382796,0.6280131736140595,-0.6867750872111189,-0.12731568461029685
950,-0.21658109118010804,0.47693564984355974,-0.8915940704572465,0.08498140941115384
951,-0.1822146716931976,-0.6385907965288333,-0.5090479493511868,0.06985049310449626
952,0.8487835557517929,-0.9941759878394114,-0.08897809678702262,-0.7680286870550279
953,-0.6917851633178256,0.7447149035061125,0.3256148823457703,-0.30484357270458223
954,-0.7869403758472571,-0.1324482838378349,0.6085303569844296,-5.866202428081412
955,0.9231948089414252,-0.5519596818410286,0.5730822483782079,0.42077683480684125
956,0.04977891998891071,-0.9468637685834607,-0.29372244100201006,-0.01504261982246806
957,-0.5461480924080395,0.4679522864102761,-0.4086291369657613,0.48569997318603947
958,-0.8887228758685759,0.2744128900640799,-0.22911194039478677,4.099206117259991
959,-0.49718143965064976,0.7077779656653496,-0.37836926473682153,0.20873492304298108
960,0.357435303499293,0.013458979940845772,0.5722747222374784,274.38396404786954
961,-0.19913665019800098,-0.541273226413679,0.01855101750302013,-2.915684357122411
962,0.6166699537626044,0.4041796450383448,-0.35546502197808794,-0.8450787398958505
963,-0.2292697616027215,-0.7503719224930137,0.980890699595967,-0.03303415089418176
964,-0.7119610364750668,0.8770466660092573,-0.3852006988954455,0.19121144884482885
965,-0.3697422030221895,-0.46456932532423134,-0.5826597811398955,0.2339769404317014
966,-0.30671377620919005,0.68184422339887,-0.5963086805931537,0.08804038974426731
967,0.18444360194804954,0.14252085773116163,0.4587750825749637,1.575059824520482
968,-0.5041847556429953,-0.36990311234045414,0.33824952167546996,-0.8668953717256102
969,-0.5822429388102781,-0.6848091890814596,-0.7417389928276354,0.13319996094579256
970,0.7460274825792805,-0.749523411743473,0.5948358147281048,0.17765500518985186
971,-0.4504727221508622,-0.5508976805875017,-0.9883328110003604,0.11951255543709267
972,-0.7190646441191237,-0.5176467896658368,-0.8059410607703432,0.26496452918575886
973,0.3938006453929819,-0.28707381487077765,-0.27387859628322553,-1.3884214195844822
974,-0.643678618989264,0.28518781782168,0.8182729277335277,-0.7696603187306925
975,0.7211263609404956,-0.25508505157178574,0.022696692243770578,38.8569689948499
976,-0.16614019780569933,0.7185302898730725,0.5273714297516616,-0.04855769909750796
977,-0.07215122452325518,-0.702616230316111,-0.3730426447784294,0.031177336132027056
978,0.5869685631140877,-0.2794749266361476,0.43902985062788424,1.3621509146247688
979,0.8878091518835776,0.9092111591826906,0.5481563959758198,0.15591063950089634
980,0.23545214194739827,-0.9816100665562024,0.4813653099409547,0.040396150860887506
981,0.2700273304308858,-0.5091575185840145,0.49861567799739204,0.16623696694613682
982,-0.2802861310110303,0.17426642724177044,-0.03335254296110057,22.020913827638037
983,0.12376558388900838,-0.5114188293473088,0.20102374109035015,0.18732220118127402
984,0.5567689997464822,-0.6587341449134367,0.7707107171555223,0.13248094993689047
985,-0.8633276742258265,-0.5086477138830905,0.09022481272773208,-2.943104043903554
986,-0.18089446534438647,-0.8952218381663473,0.03664543892444616,-0.4901558064353369
987,0.937307489093844,-0.5244251754675486,0.7303513804522836,0.37134134336943486
988,0.7028778863712806,0.7301413115563555,-0.12079669310405583,-0.868562605035052
989,0.7261037559810737,-0.7590285310401768,0.8515814871448548,0.11777318118179404
990,0.9654363722297497,0.42770767556682676,-0.7738043616569485,-0.5427358768458492
991,0.48232966639421493,-0.10323946953965102,0.47420904737785663,7.5940376550012685
992,-0.9429026523136983,-0.7012089454463322,0.2183008717679069,-0.6990474046735592
993,-0.0374654946931674,0.9538482397773016,-0.1586344908932631,0.020656913123774413
994,-0.465307040831755,0.5165142683170114,0.6349095665860758,-0.21860155304541745
995,-0.8287384307558368,0.8199088462713202,-0.30097862276203524,0.3259423704613851
996,0.25730292173216096,0.7267247818155012,-0.5746636826155143,-0.06746540964919652
997,0.8039657510555354,-0.6239070340995825,0.9400293823402917,0.17484229226686251
998,0.8915975225653732,-0.6005816127750809,0.23567204935943598,0.8346547071516394
999,0.09625668556308842,0.6267652487734263,0.19197358396518527,0.10157100481840381
