,X0,X1,X2,X3,target
0,0.22817936305169328,0.7173111475691487,0.5200339738343043,-0.2130480869395246,
1,-0.14150309757630364,0.3856607185320293,0.6929313212219308,-0.5785557160168866,-0.5483325649027049
2,-0.9057402990453545,-0.6248699008017482,-0.18884612505881138,-0.9604975324490437,-1.3480128723495735
3,-0.24829393786995269,-0.1422741229987392,0.5867141301881418,0.6430486710386221,-0.169008184982162
4,-0.3398472341653549,0.1452982045984521,0.9801452314989161,0.49476656829293386,-0.5045058556182325
5,-0.6333809682329483,-0.9001264433864902,0.17938447364829568,0.623253187115961,
6,0.6692927258754473,0.8017741897313937,-0.9502408449874853,-0.9323310758486587,2.8042979941352635
7,0.630879756581346,0.16098130707611435,0.7689058763649252,0.877362957504243,0.5158580796231915
8,0.2168703261311815,-0.3407397374396446,-0.16072317116054835,0.6516906078132407,0.19017063358947855
9,0.46781536268797885,0.023863236074164185,-0.5434315161402037,-0.6068772329940155,0.4811555150333243
10,-0.329567635390531,-0.7861693821217961,0.8969597559558993,0.4996647240740446,
11,-0.6339240256226906,0.6326909930105382,-0.5974257417884778,0.067533083973915,
12,0.7567954071684395,0.8171411325160962,-0.22100591712176532,-0.25374812288113957,
13,-0.9955116895270444,-0.906747173240962,-0.2882420359397988,-0.8013703787227906,
14,0.03702599731054246,0.7010960283109682,-0.2450789010572707,0.08897751586174785,
15,-0.3518100247301421,0.20403469766593085,-0.3033123192556144,-0.738577504439718,-0.30166307353884253
16,0.6318629342777882,-0.8907953075523936,0.8151396102866288,0.37799141473779585,
17,-0.3132673863383719,-0.8319271267095174,0.6765222789323728,0.005496450652914486,
18,-0.013208971567836958,-0.31874261338818477,-0.5033921026478168,0.284415634541326,
19,0.8880057435151312,0.14487062710294918,0.22898882319564873,-0.7468294899326662,0.8713836480282957
20,0.7357224058346736,0.0022653300689716716,-0.46824399269500616,-0.5623124882182369,0.7367891119474335
21,0.68131455709631,-0.5160224852818971,0.3861327908373702,-0.39070407573672195,
22,0.505546601929217,-0.8001909594245635,-0.5608838741342432,0.4759170261061816,
23,0.9809123779448303,-0.6843490183825591,0.7119582324941225,0.43694579069183725,
24,0.39516501768692436,-0.5742078569233504,-0.1932540406970653,0.0846316968742491,
25,0.02659470491371896,0.8826346709600437,-0.10072371415192394,-0.2789652874186206,
26,-0.4699297038026453,0.2558154327299418,0.5266199151704285,-0.7736898811497901,-0.6406818612714182
27,0.8433953880771887,0.316208801081878,0.3736650194815212,-0.8341424625770035,0.7837349358895835
28,0.9983959999823933,-0.20441140829234583,0.17012085405981558,-0.7104731004461589,1.0787848243822895
29,-0.8176835414277843,0.37217744669706687,-0.7113738247732897,0.9824008007696274,-0.5974608514592523
30,-0.4248179115392765,-0.47420161561952634,-0.025831943745681984,-0.24343016403602546,
31,0.8601321497243479,0.5591751034621006,-0.6934863198182313,0.039127834278342544,
32,-0.8597098510284731,-0.5684752823268091,-0.1177769039734633,-0.3560156701912214,
33,-0.18066510527586255,0.8816272367782383,0.07551717427765836,0.9491228399736862,-0.6675661977108092
34,0.8118288761852028,-0.14002517587499486,0.40237655953817075,-0.9986387690674561,0.8768340270158107
35,0.5605532671262918,-0.5229536842204217,-0.23550648959507137,0.13032495478967743,
36,-0.7111114271643095,0.5203803009870487,-0.015223479708161625,-0.8137388402997554,-0.9146621414292629
37,-0.26481990151962465,-0.0534829632608933,0.8351817701535111,-0.08967167060944137,-0.27427641818460746
38,-0.6108424002339103,-0.46773283715817304,0.2734254061488759,0.14983215082882784,
39,0.39069698833663513,0.765113021551711,-0.9117678756958101,-0.924856166499157,1.9371948242936856
40,0.601302019584153,0.8743799273555355,0.09010077221702417,0.6842326060477006,
41,0.33714136179008936,0.7035154232352512,0.8126629579150351,-0.23730439990065721,
42,-0.11406453722048582,0.6934173287031549,0.9057825845197545,-0.540436117162221,
43,-0.8686393885259809,-0.5067209377599402,0.029949044431297533,0.24428949971575165,
44,-0.9250871042933164,0.9199183025366386,0.561442176791461,0.4351101142158842,
45,-0.3541842292626325,0.4968864398280908,0.3034591091646299,-0.4457301050622229,
46,-0.9955148854023685,0.3638526469111918,0.38636763240083716,-0.29672195196197104,
47,-0.8592509114065618,0.026460630991798295,-0.8694754761461809,0.7232666815833471,-0.8368042412125476
48,-0.6304217665975045,0.8454424478447038,0.5004410892148063,0.16118400565372193,
49,0.32513745002773486,0.17912200457197303,0.1712847457217268,0.12069591716447658,
50,-0.890766097955807,-0.15023226089673125,-0.3577316308772882,-0.596311556489165,-0.9759905430309742
51,-0.9105596582982092,0.2667814636972705,-0.8798816439014494,-0.3931647585397522,-0.9200444097996153
52,0.13092108476138664,-0.7547789703173271,0.31993093243372095,-0.2278904760578333,
53,0.009115255158304691,-0.6560372255171711,0.5549984182318477,-0.09258357422125596,
54,0.28816391689250853,0.2871592440733801,-0.35480784088357087,0.29505933433939524,1.6969571760000286
55,0.37317036270974935,0.9780013789044715,0.14519954880170705,0.18642476275293607,
56,-0.7819943186121092,-0.11600772979793139,0.4088735211292056,0.6191262271984908,-0.7478063948226299
57,0.3791589992816191,-0.41434231082937023,0.46359221496689695,0.21562034955500464,
58,0.33188143353611554,-0.9490779665057578,0.37709133390380956,-0.022422289831506736,
59,-0.7127638341837561,0.4973718782386318,-0.7376811791337587,-0.3041208553873964,
60,-0.5486171542266993,0.8974133328226588,-0.6379961550109823,0.41728836618576204,
61,-0.6187440554755752,-0.3497304764448659,0.13591752539156587,-0.7580009222398252,-0.64383412646249
62,0.7154597949581474,0.08330738498844958,-0.6329257147582499,-0.3376098726006671,0.7926993890385756
63,0.8330407163652978,0.7303997006979488,-0.8909697732339392,-0.6408019338796025,
64,-0.5153146968149482,-0.703289786366939,0.9573928842378443,-0.7004746916351401,
65,-0.7660275018731533,-0.375505707952172,0.18129958813942193,-0.05532198931250165,
66,-0.09036302293690657,-0.8064481914968364,-0.7762517325090228,-0.855601023537925,-2.144432444288844
67,0.6563326266155816,0.1665602492476752,0.8998433686765883,0.3953704242024987,0.5584259208270782
68,0.3003039195500665,0.6574711632726178,0.45599559070008056,-0.6522602590381406,
69,0.07286862460062138,0.9019258560271322,0.3825104569825477,0.3883118358335469,
70,0.7378937078809804,0.43535661542949566,-0.141223919254168,-0.42039548383678205,
71,-0.8696922439834687,0.623725358723711,0.6022746623664412,0.21196674361307388,
72,0.1385223338232613,-0.030464657131565875,-0.9008360924411172,0.10872158057173853,0.1157142647014764
73,-0.06615254262156256,-0.9887176698988933,-0.1854015333438399,0.17902192249050475,
74,0.546219448897022,-0.03120980749438318,0.5369824928303419,0.12668370108297555,0.5808823102195274
75,0.13432395392864938,-0.7841198882873486,-0.9129716563136248,0.04964577425824479,
76,-0.9644472594186975,-0.7731293298109039,-0.1924836271706467,0.5295604659387712,
77,-0.19025328681635512,-0.028973345115073545,-0.5365186281489711,-0.8702001910630885,-0.20591219077592993
78,0.2496340641239787,0.0917078172311554,0.38220741073439823,0.9935137602901745,0.21550271593802106
79,0.2550185432459835,0.7973793087793146,0.3219310740551464,0.07511332390777592,
80,-0.01598162364915634,0.11029161779783836,-0.4458523874795248,-0.8884359933308346,0.0334509154289042
81,-0.7874061098230791,0.2694772615413952,-0.04770576221249789,-0.22246409629936648,
82,0.6373064609984807,0.4404274229099854,0.694811613311987,-0.5229331261315939,0.6144989956173039
83,0.3286151767093288,0.30959211642883555,-0.966492793689981,0.44352699096314385,0.8767706937029518
84,0.4657154465538449,0.7001942905265583,0.6940170483654873,0.4929835774060265,
85,-0.9372312132085352,-0.324790783360962,-0.4349763342558499,-0.7629302385287986,-1.1919088983267994
86,0.5078873292316484,-0.35925045100907793,0.82368917032886,0.9249571397088365,0.8722787170216014
87,0.4260486295740553,-0.4319504402574019,-0.9873744075106632,0.898452117861843,-0.0005111280364870543
88,-0.37448146648196157,0.27830111021963266,-0.09370957839448613,-0.19370931755312704,
89,0.3372434218201661,-0.20525730789697016,-0.7913187907507278,0.45257231236897,0.19615338323022
90,-0.674645701126785,-0.8524563949945683,-0.8696084307759202,-0.11334298664600961,
91,-0.5963639862431864,0.6416200309150719,0.34901446649705314,0.06701155978626328,
92,0.9839707325138487,-0.770045311406514,-0.7564427905122095,-0.6338315069019547,
93,0.5728829066740666,-0.9954480263765473,0.9672050823272764,-0.7615315787274672,
94,-0.44467567510402617,0.030224361710232683,0.8603870839348922,-0.8816310872734379,-0.47095715961968054
95,0.7899306099728101,-0.1979238684527218,0.22828909674279663,0.8324872895425786,0.8597671099593445
96,0.5697655957018262,-0.9220120370284868,-0.18176870611294316,0.2263913968354354,
97,-0.05738209695075014,0.8293954876390484,0.7636519418450787,0.9770563182315579,-1.3067594093581696
98,0.13233995130094467,-0.8222116855298964,-0.40134248188011235,0.40617327301796236,
99,-0.27124530181089157,0.7397182136122431,0.7690760090609505,0.9607430895834823,-1.31661098997564
100,-0.6597533496687564,0.1398133432015627,-0.20099052863834932,0.14934176948408462,-1.7971456387731621
101,0.28782626601967043,0.12476558859438569,0.22146587349453695,0.709413024618172,0.2643147892681782
102,-0.27903059635564564,0.5941923206255724,-0.7036052352698827,0.20420745367877102,
103,0.8375414100595131,0.7688452343358345,-0.37860339680069566,-0.6580382889965877,
104,0.811073704271168,0.5796582912389521,-0.2806081075146907,-0.8805820118263248,1.2935053086269277
105,-0.4061930052045988,-0.6424740692224786,0.9915457642453118,0.9761442606543811,0.30662805773453344
106,-0.2744641774351215,0.815396633087281,0.14233972575262288,-0.731683389602735,
107,0.9880522902020221,-0.8083328731841208,0.5856793267795612,0.5366342986833867,
108,0.2668496297918239,0.482244136178668,0.13785817761246877,0.02614140771491491,
109,0.60563410418992,0.7402039923079107,-0.6545146442515846,0.13835547303894913,
110,-0.8527526000604078,0.461765497943186,-0.37852185232958546,0.6125457361192022,-1.0318297736417072
111,0.7383387325050967,-0.3094211963158273,0.784681140133817,0.9936438875467222,1.0324714649561033
112,-0.4275816437015991,0.9564570336928255,0.6819237169107841,-0.07203874600365112,
113,-0.9435730437651462,0.9881298399298946,0.8524864912048076,0.6809792814261624,
114,-0.9060515594904333,-0.8999609215988773,0.6077643964491908,-0.5586583292785421,
115,-0.9748244025967263,-0.9770371720455928,-0.6512315969644957,-0.958971940215865,
116,-0.7246625854311273,0.10879807830977395,0.18691164283340878,-0.23998212635738092,-0.8358295091173835
117,-0.7733299759583148,-0.4212709327103097,0.8146671708978213,-0.9818188154143419,-0.47619674235992826
118,0.2872114362311091,0.006784099635153362,-0.04904804485415992,-0.6852015330112546,0.28755827770460507
119,0.42096792975075403,-0.8162425038547401,-0.30816314125618827,0.30605780926608506,
120,0.38415001892891376,0.1251509669759594,0.8061134051308236,-0.9590982708445563,0.28570697920018967
121,-0.6786146078924258,-0.4579434958022801,-0.4755875303621333,0.21467188892810518,
122,0.3149172138654812,-0.7186834657646239,0.6655396106460405,0.891093172065436,1.3417089665069437
123,0.9294301973835724,-0.7475529257173785,0.042182589079183375,0.8452818087970053,2.05878870121861
124,0.8515530495576613,0.05914792541035663,-0.8792408868269255,0.05345476393896842,
125,-0.35309015986707504,0.5345913891887779,-0.9564456666956718,-0.7847428491748876,0.21612391772143016
126,0.7252958725947196,-0.9290061246018189,0.3881859832845065,0.6800030042861771,
127,0.9539409039304347,-0.10589905455645998,0.6061808552834633,0.10301305582470932,
128,-0.09613068283723414,0.25148825962694077,0.5934422083815811,0.24552033619423175,
129,0.8093839346952807,0.22070622554361274,0.7580978971644621,-0.17533767467044536,
130,0.4537040892655677,0.058511884601297304,0.432133205827383,-0.6759110580220606,0.4300335095537068
131,0.2353795025283434,0.6609193515183214,-0.3059456992531133,-0.03906738088712447,
132,0.07111268037816099,-0.8774435497071329,0.21029312720427895,0.12764813064914082,
133,0.5972892636751128,0.8965607776518258,0.3917389139933556,-0.7201655504434439,
134,-0.6915434917194296,-0.46747045335054493,0.13058256050580752,0.5805364132429545,-1.063326303577189
135,0.3792935845566259,0.23304988934125825,-0.5480408306667448,0.5485411783294687,0.5600748653298137
136,-0.27178714147735294,-0.9249572556400321,0.15461389807138382,-0.21552501707939276,
137,-0.5772903779245271,0.5487154688183364,-0.9132214464226438,0.5994251440188914,-0.18927765451347375
138,-0.5203180942155485,-0.6070997136393168,-0.4281155152448666,0.18813364884871975,
139,0.2032405065664793,0.9777964243817596,0.894864369402679,0.17906758067037232,
140,0.973812781134318,-0.5844804225979492,0.891168261109869,0.7830023932604762,2.246192692768515
141,-0.4770154737571122,0.8895945893333213,0.31627238529944446,-0.7279289241780273,
142,0.4072315129580293,0.06703267074680452,0.8778073989874033,-0.44978986435054447,0.35232431628032657
143,0.19344503113881384,0.7184362343684931,-0.6983343244351401,-0.1616070498891713,
144,0.11980047495871338,0.5586454372697178,-0.4226544831883903,-0.8800071871735229,0.4606348642203663
145,0.5225101534400232,-0.35531870860139514,-0.11735773509847847,-0.8342033534190951,0.5314279572862862
146,0.0895876014493473,-0.3217303116704724,-0.874094807528282,-0.6394753854461335,-0.22174381778419966
147,0.0541629359092235,0.24065298575529348,0.2658095460276728,0.9031372887073217,-0.010172719116061513
148,-0.16156401618968963,0.03759873825600235,-0.43233070055580636,-0.9563661946464153,-0.14542135267768616
149,-0.5318059886923838,0.30817152497366007,0.3801371928114323,0.18465831424306267,
150,0.8758183900013119,0.8788427668063705,-0.9042872142158362,-0.2127022204334046,
151,0.5533366814021052,-0.7479182751025211,-0.1526381016610754,-0.18100214749774235,
152,0.5501379516024671,-0.7993232921933968,0.5114550026659541,0.1902043015373549,
153,-0.42859138706275557,-0.12401683576732414,-0.23653840570428852,0.9762176799578224,-0.46166662925728297
154,-0.10542703133718745,0.9550164105244636,-0.37258281004810123,0.5370767142577015,
155,-0.7996060872691944,-0.4876245656925078,0.2128700839599258,-0.9016806289867814,-0.8272030625415011
156,-0.13221700149756943,-0.5604218407358588,0.32983395876854615,-0.21814114561278108,
157,-0.648860288727958,-0.9900119695086989,0.7925562360222125,0.9967215124536444,1.172176339996845
158,0.03727776946820849,0.35625026098768475,0.7085015153943381,-0.3921009483380824,-0.5149789544972264
159,-0.6038950853785363,0.14445673072972331,0.40031207447460737,0.019819829785298282,
160,-0.06260565947120478,-0.12385775778522712,-0.0552325080723739,-0.9181664582898617,-0.07008725629387062
161,-0.14231394291190314,0.08993556456084906,-0.34290788107812253,-0.0015745376271862899,
162,-0.5351374778873439,0.07684269443085867,0.2106080126740919,0.7679744638877839,-0.5541019178813641
163,-0.8378588751335374,-0.4429751764071628,-0.24583810385955074,-0.7288410805312617,-1.1922336372736333
164,0.07560489457251562,-0.6752894852031721,-0.15039730974987875,0.30567576034843524,
165,-0.5695181100553734,0.7336403186820839,0.23013835376115654,0.728507367113916,
166,-0.26227949319273747,-0.6358914706576142,-0.2712236895936131,-0.36754078743771257,
167,-0.11444883832015451,0.5051883963853185,-0.3278202216983581,0.9985578315220918,0.05931280666321596
168,-0.5641763110915505,-0.4897874537501814,0.47574126781864234,-0.34088447687616497,
169,0.03270506609029611,-0.9945915062221515,0.5317295054044959,-0.21111152105774567,
170,-0.052411368649588175,0.0453639087814286,-0.8941040228901369,-0.2215199175947229,-0.01210791812334459
171,-0.0029493270056668575,0.7328681332106883,0.4985317313032558,0.9321416090045354,-0.596017674168491
172,0.1614624985644042,-0.7211407675360733,-0.7949356015588949,-0.7239349371640167,-4.691503615808323
173,0.3307515861598094,-0.6163306677766467,-0.9029270740039423,0.7418945084680144,-0.40555694942078346
174,-0.4758858294217334,0.5175816402257591,0.23030525786799183,0.060424181513932806,
175,-0.922021030779387,-0.10029327008110189,0.14558157877203048,0.9612350378423413,-0.9124001464945457
176,-0.22824748344868429,0.5900502189869961,-0.4610872022143635,0.07932506135807027,
177,-0.5468655712898569,-0.043575763382395216,-0.13526349262626103,-0.5334839576157215,-0.5546130293220933
178,-0.49220640368878565,0.9040311566741848,-0.31559247046549754,0.945102531589529,-0.7095576601303007
179,-0.036176478181400684,-0.30965434580756823,0.3882031900342051,-0.3957481185495344,0.13494627193734773
180,-0.7646029669765388,0.6208160064926325,-0.7093133565955467,-0.12752163210303213,
181,-0.4368148181224305,-0.533177263563865,-0.3620630140272183,0.7869931373595809,-0.8563269518002825
182,-0.3103806436104537,0.18049359516492558,0.4358186332130898,-0.633876566454673,-0.40584378787560627
183,-0.5321909106094485,-0.5765714565824243,0.46998996653046765,0.021994622633702665,
184,-0.5209875067909886,-0.7094124792447025,-0.8876017952683302,-0.7705781002384824,-2.947010970590952
185,-0.6564044932462016,-0.0671471629544802,-0.6580380657625495,0.11348029647936597,-0.8690536738706915
186,0.28186686249968584,-0.3917226917248473,-0.9206794677324368,-0.8455789846636039,-0.08889886188318388
187,0.31050188837425674,-0.899935963320609,0.5116880377775774,-0.1686049967564538,
188,-0.4299695886918844,0.5323529240302929,0.7928419848728281,0.4272697188584924,
189,-0.6312550656679581,-0.09572584823008956,0.37333966709157185,0.26929838397497385,-0.6371276012418648
190,0.1695750513900054,-0.16045356544713663,0.7215707879748445,-0.7931524756463466,0.2913782206319317
191,0.04407292325406287,0.3391234577655522,-0.12368315249341233,0.9146632665704353,0.09261789564858261
192,-0.6302317230903216,-0.11955645334657317,-0.6794360117407865,0.18667885068120094,-0.926372994966946
193,-0.4447144963928351,0.5806600706505409,0.7359122816141683,-0.8502569498826511,-1.193758974391445
194,-0.27474590542309785,0.9073006748767425,-0.07447305873305599,0.9765989909435828,-0.5599721536203792
195,-0.31566071983253363,0.6395175312377832,0.8727209492403822,-0.7224304738043943,-1.8784829570428931
196,0.6986733231952267,-0.4843444234932055,-0.4200169707787016,-0.49465973528033325,2.4377502993738083
197,0.7548705144798871,-0.8152954797410816,-0.8076231836685495,-0.4664023971947602,
198,0.9990204951866017,0.1358557668045528,-0.8421263548417877,0.3982161754163853,1.1844918843540104
199,0.8521610400470812,-0.48767763437981415,0.2810543313214411,0.7213135214176287,1.3425726551765722
200,0.15783994142512237,-0.5770435013223378,-0.012698456267844493,-0.4183869228807533,
201,-0.2795739847174079,-0.6275529752392386,-0.6499250353968105,0.48680659343715904,
202,-0.7817583847323433,0.9851970929933487,-0.19654142046835,0.8211115247726053,
203,-0.7776311117912449,-0.12766724824061804,-0.6461165234990995,0.3462055403815818,-0.9253327058837838
204,0.25947294547072963,-0.8578211877339299,0.9245380637071456,0.7793714949107953,
205,0.5356051234672285,-0.952804272913311,-0.6436921306488874,0.056739560259857935,
206,0.4239364341648564,0.9568071031999501,-0.32927717051365235,-0.8840424401352189,
207,0.4791561366802266,-0.24561804111714447,0.24843569388096887,-0.25359484242680197,2.1707947537743553
208,-0.3990010763473708,-0.8708749035317009,-0.47965949581085554,-0.26719536423722245,
209,-0.4581783630031053,0.3168155722266235,0.06365439490348579,0.09680497121061649,
210,0.3952033246076918,-0.18703676306764816,-0.39097078874561997,-0.4988266924275464,0.3474242123789427
211,0.8489692913289413,0.9298930180722895,-0.10450612260057901,0.32480758611220395,
212,0.6881662649017124,0.9049520276059699,0.6358619370436056,0.6748858331048004,
213,0.44706573423077245,-0.06888289920384483,0.030823237900262423,0.3397388955754037,0.4587164587061336
214,0.24033970553402573,0.5059969711301167,0.561085770462636,0.03868938575323955,
215,0.3698329720599145,-0.2649065382812823,-0.6009956823029194,-0.7310736213015083,0.22598284768424254
216,0.9793176188474972,0.8555177178549744,-0.36201141041247165,0.4811616054042718,
217,0.6645398245672967,-0.23854344865877652,-0.8214811012071297,0.2761008803302869,0.9305738093490256
218,0.8000203233622796,0.9462185448751568,-0.5884419473819493,0.15518222041076069,
219,-0.2499174104922619,0.8682589880167417,-0.04383485887994176,0.2952098648226975,
220,0.9893848886866374,-0.9620159290072636,-0.6028526719665401,0.8834156374811657,
221,-0.25124676057784856,-0.3128207459473229,0.13662483938869396,0.4861344587644463,-0.27239603190420153
222,0.10247198072264174,0.9458700521580266,-0.9908969556181688,0.2984911463418185,
223,-0.6913315558888848,-0.26216942642269725,-0.5976102829879271,0.35621309589817196,-1.2526097262846454
224,0.21458134849144517,-0.32370581258847153,0.7741378825328256,-0.9286338099269642,0.4963034374548556
225,0.7034214629783653,-0.6303434126257272,-0.501221781664392,0.9563616702968085,0.5152309620823192
226,0.06541051969514955,-0.7546932323787219,-0.727756692034,0.10839772649751378,
227,0.8205107232085807,-0.4364522096235324,0.9599180912396028,0.09298071902877103,
228,-0.5529601224969805,-0.47297100807987436,0.9247237702769033,-0.4329827602675551,
229,-0.8575825109007693,-0.386504602057957,0.9332147184106356,-0.8866663357461,-0.5521060715444781
230,-0.4815683864659692,0.42588171174266876,0.7584435571083641,-0.9328842687888297,-0.9043097943793306
231,-0.6911750846014688,-0.40213010446374264,-0.11382354861508803,0.45701806005197576,-1.5509472728221227
232,-0.6139087311230316,-0.22069764201356334,0.43504242016766725,0.22421192900638354,-2.936612863727964
233,0.5152476947498257,0.537208518893916,-0.8271312504295449,0.048577321021781694,
234,0.27387060552804443,-0.6234719323842537,-0.21381813626839863,-0.8352679703047943,0.2112237826085127
235,0.6070919233824168,0.6877798584593935,0.035505084399014564,-0.729235506999184,1.7531254674518792
236,-0.03957536331363887,0.003619636276110505,0.8377963890030629,0.15542217139214642,-0.042619441055853066
237,-0.8789904098904067,-0.4895574068035424,0.030511300577882317,0.3014024639978372,
238,0.2633596154996376,-0.11076024857306233,-0.18204985453085443,-0.11417070499066617,1.0024893348928123
239,0.5484392076115117,0.48979759387791466,-0.06020770635621142,0.5270316546181413,1.5653693261746484
240,0.21411661409021288,-0.42775969212736364,0.9364126581460592,-0.7546079845824458,0.7461367181451235
241,-0.10648412754336412,-0.041147463116449456,-0.42895234386097725,0.33384463860730573,-0.12508819576920432
242,0.30135042666951994,-0.40827362706320836,0.014558531478044534,-0.7302080662860091,0.3706417803063475
243,0.9232633373854824,0.6165184740996683,-0.51851941195593,-0.08193964208605253,
244,0.7549950795476026,0.3034053478099479,-0.6803132780476018,0.8703577735363592,1.0257487493898356
245,0.025906361986264503,0.29562385577645633,0.016670796701858892,0.08230512935742929,
246,0.4836827746362544,0.3801354089900175,0.18506354953297666,0.7585536732568916,0.47763744685892345
247,-0.5473826272000024,0.7766963480024445,-0.222590406323518,-0.49968295199053436,
248,-0.9677508445677265,0.7553996832935024,-0.11323484293818353,-0.4283744793922517,
249,0.15260335539276193,-0.5060446725530074,0.9417070962136054,0.3809246156162098,
250,-0.7602719794542567,-0.40277811760053317,0.3450375827035872,-0.08223371855664219,
251,0.5463890585595312,0.934632060442568,0.20513811852923514,0.3901849446872385,
252,0.7907081616339227,-0.5628470129282703,-0.5195782614851845,-0.24791368501446231,
253,0.5357275022682504,0.8092754362359014,-0.904989539531794,-0.29841894403903524,
254,0.48754584738412565,0.5941918512880662,-0.49025264922826417,0.39352913018149893,
255,-0.2557079444735153,0.8839721444425712,0.892027596627416,0.2737771222165104,
256,-0.8190059406337482,0.047795079927172024,-0.3545428543865474,0.11922265255425257,-0.8754910107691002
257,0.027723723634425435,0.8322393928993257,-0.243123536254654,-0.22235863684220747,
258,0.6295735154350113,-0.4603254159470269,0.7074584043493437,0.9382799255987764,1.096229781173122
259,0.24023145238621857,-0.8948194748448162,-0.5246174849742924,-0.1835633279787423,
260,-0.2729661097654723,0.8474279182423294,-0.12323749655620153,-0.4402502874430758,
261,0.9664376836660642,-0.9826122010334613,-0.4745465832807869,-0.4912798620501939,
262,-0.27126892636892586,0.5018233475549947,-0.8707120182090311,-0.017248781437273708,
263,-0.42261101580906146,0.6184063844935725,0.2869634222941355,0.19936205031882248,
264,0.5436010864908702,-0.6435267186242717,-0.10648285042749706,0.05616052333225441,
265,0.553765523940601,-0.4456349446182932,0.5906847336990944,0.06575468255148853,
266,-0.025308288728036477,0.6586524001903096,0.685730694590313,-0.17319987652597635,
267,-0.42108269185888925,-0.9261385955471455,0.36710741785518586,-0.5263750700104128,
268,0.06577412192012733,-0.8885990202145642,0.34295839070320233,-0.22874668246516427,
269,-0.7164085332491723,0.0749315146520182,-0.3768101529764496,0.10174609074658858,-1.0172776566822568
270,-0.8770118097235016,-0.3445631534093505,-0.567153496834498,-0.6347216785646455,-1.2769706553707143
271,-0.6908652144446221,-0.2831629521366368,0.9123552591971276,-0.8543508082900506,-0.4584316806573587
272,-0.8618680036392072,-0.8553659404491898,0.24466435709967604,-0.07708602853933799,
273,-0.027740405722582073,0.4497912369853285,-0.10691029869578372,-0.9227315867967343,0.02330294848813212
274,0.25783788458860735,0.39591665925207153,-0.6580918015812383,-0.03328089799919143,
275,0.7875477474177228,0.03938054232149879,0.1391561069993772,0.5603700238895908,0.7840060903694387
276,0.5733473258307786,0.34697749739545114,0.34189790480444016,0.58401767138003,0.5653038697009931
277,-0.978466277458081,-0.4813777941016075,0.6744558904377225,0.5688962983779746,-1.2268050393812155
278,0.9723025404394852,-0.220754102815804,0.18748943340773172,-0.1227884056007913,
279,0.02235587057745403,-0.14199758840283638,-0.6886643579864997,0.9789622000578309,-0.07623907704448965
280,0.6597345884884696,-0.4908595332348398,-0.9432770272694739,0.3885136942059937,
281,0.35008681325916524,0.9307059901312675,0.1891186150249735,-0.6427701365139542,
282,-0.40387091315667756,-0.30941025491994933,0.6179373665648744,-0.6682868293043385,-0.23994081405063725
283,-0.6038308804822055,-0.2175011409408596,0.8766166658536205,-0.143735008438014,
284,0.5019976186734274,-0.029818413050293202,0.26142611541091876,0.25011151226712913,0.5134549915932427
285,-0.7824947451603219,0.6791310444169238,-0.6326948372662056,-0.04157407962751947,
286,0.4212643243072476,0.5388425756994477,0.9298993648740683,-0.8868290894117752,-0.10047992662271062
287,0.2930409998515504,-0.9124997580459859,0.39436000256320725,-0.5946026193205372,
288,0.11459519626362091,-0.0973861754667893,-0.29210617639865233,0.7558299446261849,0.08687221390074545
289,0.6056962591360515,-0.9933932776673287,-0.5340442547705502,-0.8875750832347402,
290,0.3742202654078546,0.48465462082858646,-0.0860610847942016,-0.6726173934134163,0.5998392336933639
291,0.3654924768517418,-0.6985399328024282,0.5330795435302416,0.06360816472538278,
292,-0.13590683616207877,-0.006888925171630644,-0.8159695239287081,-0.48203815925545035,-0.14154244418377865
293,0.44110725925148797,0.25024087762754044,0.995222300539909,0.10578193793450241,
294,-0.24432179488821126,0.13283867033020336,-0.45730008977016623,-0.5403213499726058,-0.18938741854412783
295,-0.6718651351147509,-0.48801382562070716,-0.17951298891606404,0.00287808236775966,
296,-0.6642601802118715,-0.7264376730826456,-0.840985353398934,0.8590175405279259,-2.389235610518351
297,-0.34281588598613366,-0.8313247263034906,0.7050229494367788,-0.271886256974361,
298,-0.7236011329124283,0.1916894435451555,0.4044621860203357,-0.46683576482927647,-0.8786183827830645
299,0.7570171470581344,-0.4903118193453704,0.44817665543108887,-0.29789733741935387,
300,0.2710562943010739,-0.031069160133859075,0.7733510823270369,-0.7350684144309934,0.29534760038897073
301,0.6842531781678998,-0.41314214300823715,-0.4953356688748385,0.9341252003182776,0.5347537594099908
302,0.4059866133778576,0.04689807688630099,-0.025400477894829354,-0.5142034242691436,0.40888202178371624
303,0.9827043994475453,0.6632015173055594,0.6074414617709873,0.18572862487790798,
304,-0.6250852059397645,-0.5694082793598381,-0.34816655006084707,0.5311883848253314,
305,-0.05718861054470148,-0.42143917070110803,-0.1731965210431028,-0.8819679691048352,-0.14819378801326635
306,0.48216810060522164,-0.09694850341341921,-0.16527374880428547,-0.5397214182897989,0.473852359484869
307,0.45805912102663204,0.5141579869457089,-0.17281605189892257,-0.38051999102193435,
308,-0.29709774448865667,0.3605164700544703,0.8418075503886822,-0.9778482209188049,-0.646097572865317
309,0.12760572226358713,-0.01038328713805492,-0.8771469300739165,0.800803233171538,0.11850801599935244
310,-0.5095315228238007,0.6666678513819944,0.929743205919537,-0.9333980528515631,-1.6135960034301864
311,0.46609149569066255,-0.3779611565615715,-0.9873802473420183,-0.3490690672498069,
312,0.8107405861778407,0.2901399450375217,-0.27949408795291864,-0.18850970214750284,
313,0.10221839857417803,0.1716918417630655,-0.6658885661795144,0.619091406362158,0.22538681092568869
314,-0.25324766366462503,-0.04848475373636574,0.11554344617089618,-0.1349992420426105,-0.2653495613301166
315,-0.8556171139479711,-0.13627205265855746,0.8216131792328667,0.7504235535986417,-0.7562274796256638
316,0.6028669214960041,-0.10314887661243644,0.4590590339318166,-0.937422015534219,0.6541907516907514
317,0.7730781820532404,0.16365990785485485,-0.16031775083515543,0.5847338905427724,0.8325922295529468
318,0.6054960742261768,0.08889098334909562,0.8650082216343262,-0.9496286822792226,0.5309358145615517
319,-0.08738080648562607,0.796089782039181,-0.529623212135,-0.163350699567546,
320,-0.18406943486087624,0.4338598946976775,0.611824079598615,-0.02709017970434613,
321,0.35984679124182084,0.5585830060804184,-0.34173812917600754,0.9547141118824196,0.6791022285703929
322,0.43877199679105394,0.18520423653953366,0.4804552176831278,-0.8089365359740488,0.3593340332694759
323,-0.6994854963200519,0.5551022456563532,-0.17937127950894394,-0.9764424519945811,-0.729215476569217
324,-0.6057961005416999,-0.1369341544992011,-0.010800154825469255,-0.6843255679489029,-0.619810493241676
325,0.9485232625522741,0.5754457001406657,-0.7169899761052576,-0.7144249713231328,2.2966901591632602
326,-0.9818880838206727,-0.8395098625567605,0.13476027027402449,-0.4402459254451696,
327,-0.34952803168842417,-0.7546823238379317,-0.8242181304638263,-0.023611427654535833,
328,-0.27236658076864373,-0.9509563708812048,0.33224069560856684,-0.8763573979378549,
329,-0.8934746983708082,0.7095994295420418,0.3492306998053376,-0.8507542322908785,-2.0689035602750305
330,0.6827108595394182,-0.2847226993495835,0.5420401447881564,0.4920193885649371,1.0263485217934416
331,0.7317167222367642,-0.4207187753865025,-0.38179467300485026,0.8450995212911929,0.6584878663485967
332,0.01603123651477878,-0.013666135582982797,-0.6818246149418807,0.14881544135290992,0.006741816816735967
333,0.007256391950297925,-0.08755264215991021,-0.5137882280518378,0.8654824362039455,-0.037921658557895754
334,-0.9369719290468497,-0.013415575592137241,0.026638400690750075,0.9151325151336995,-0.9367152183259864
335,-0.561512924905031,-0.638741003805205,-0.5434450369178823,0.5604421574018168,
336,0.4957850139077742,-0.4809766816785872,-0.30937240726371007,-0.9820320158665294,0.39798703287681314
337,0.3985330617930445,-0.9872969289511735,0.7120461155922586,0.006700259260146835,
338,0.5965908189893769,-0.24438795591681672,-0.37410983494548833,-0.866071115031583,0.5265615658855592
339,-0.25382428396882917,-0.8287018921115559,-0.42715194908932475,0.7913959475549661,
340,0.7213001349368764,0.613491730152083,-0.05186786892304962,-0.9953125019469646,0.9564067568881088
341,-0.07310642452308547,0.41830805236633406,-0.29511195951591773,-0.4273738863125993,0.24571115139194574
342,0.8312528401303558,0.7096354496168895,0.31360461859298816,0.2567871794862173,
343,-0.4191824434640945,0.8754923111580764,0.7397503424275325,-0.5240859627716086,
344,-0.1871909628350954,-0.7561984827034134,-0.8901665299093726,0.30843974890280657,
345,0.24722367926076982,0.2246808887798275,-0.30023763509288237,0.29677133124281685,0.48166692684273105
346,-0.30001295045590526,0.9788502358766609,0.9673216423066888,-0.9981481423273666,-6.371768704696112
347,0.059328120514866134,0.7174467454144964,0.35225817226987344,-0.5410228857480941,
348,-0.20881949714448456,0.9153216218871063,0.5207028065698165,0.16408257483751232,
349,0.940280112821031,-0.5535085299135569,-0.9932373513150761,-0.22576460097217543,
350,-0.3346347653076094,-0.13016091093262294,0.5199822179404856,0.8518542964390421,-0.27012533321757926
351,-0.619319927727761,-0.010781337118514367,0.25227566844355453,-0.6216955148606433,-0.6166927974670697
352,0.3351331058571989,-0.5564239590136089,0.08563933718667038,-0.8639890633095257,0.5003652871986929
353,-0.5802243002575955,0.21762155198239252,-0.13842176592111044,-0.8465301335217379,-0.5692317593336212
354,0.5272516445544806,-0.8984623896010739,0.9447016343567747,-0.889625280634244,
355,0.16942665534153112,0.6374442238087481,-0.9652995174016066,0.14753235194390601,
356,-0.09944841757239176,-0.3854442679849326,0.035462225111778656,-0.43119528647123184,-0.19135639035865332
357,-0.36178056759161814,-0.5628441729610005,0.1334804366735043,0.12465206353264047,
358,-0.6685025796665409,-0.20236877292246636,-0.17598544562726492,-0.6438775612321053,-0.7417025277044221
359,0.7572004715773377,0.4814843598196392,0.13707023512063898,-0.4791703108427059,
360,0.6211542051787027,0.009207545316987753,0.907783227299007,-0.23883785366341304,0.6132516310680728
361,0.5684323802650939,-0.9979245998393678,-0.47705376091985996,-0.7798814937540619,
362,0.8448707122180417,-0.6404627254514905,-0.699230407646892,0.12314046170310133,
363,0.8978597315073129,-0.3075305515764215,-0.8397711022868468,-0.8283727288236571,0.688832338117139
364,-0.5709910336313904,-0.6276410743426926,0.06650370560447616,0.432536582871369,
365,-0.6981749926406362,0.2911752337158231,-0.3949897924202519,-0.4053450151269422,-0.838248715521747
366,0.08812298927409823,-0.6657597976197094,0.9718333038829376,-0.46128788541448906,
367,0.7128008367546486,0.1501326442743176,0.6704699982053461,-0.8600182230164841,0.6216874651106642
368,0.42902607000583703,-0.24248069197318833,-0.7213271339327829,-0.26151317057235746,0.6785298873919522
369,0.6627062913621835,-0.6719336991869664,-0.08590294982539937,0.9930916231098903,0.821607376863206
370,0.013833801693963421,-0.18707771026452868,-0.1911402539056133,-0.11817383484495769,
371,-0.8109239259307686,0.763050569226555,-0.8696425871758797,0.7449577536213152,
372,-0.07892585567895583,0.4555117380712621,-0.025078120600172005,-0.5273336443089296,-0.13397819665676136
373,-0.6013798427836692,-0.1745529317138661,0.7476638008741983,0.7679878106804594,-0.4835278071544062
374,0.5818994461843261,0.7703509908298833,0.19736791827415678,0.9788309212272812,0.6967579642109086
375,-0.43889204943289806,0.05471049814556639,0.860390564010181,0.901833031186583,-0.48686118127610556
376,0.9142717710672996,-0.2322719433940501,0.7002348768270945,0.5009048777617917,1.2154955574575967
377,0.9687992115479365,0.5470978415941579,-0.5900817200951591,-0.06725317220134008,
378,0.822589554729406,-0.9234096265880232,0.49143102695499175,-0.4921393189036418,
379,-0.02908576475064395,0.15435463039452757,-0.6514353956026846,0.23927081825103635,0.09353071065210464
380,0.707097490566917,-0.5127679880009912,-0.4589959889183013,0.41139098731763357,
381,-0.610142839890504,0.08302262295537832,-0.7443742794674522,0.6778808899278146,-0.5525023094219061
382,-0.5531868486549005,0.6873510022921732,-0.5342076655115029,0.08095277639948595,
383,-0.7649043793772632,-0.8437215639972715,0.13432268992142826,0.8852306733082045,-2.1530623886358136
384,-0.15409707896225022,-0.1725719114810078,0.7196552504056906,0.8925370191895179,-0.030479957424077244
385,0.03661773998105189,-0.9854955549579518,0.468182874177522,0.6955619295432598,
386,0.8065321497481763,0.5455789345754147,-0.7715641653521135,0.7570087145482585,1.7706356682503832
387,0.9019570313855712,-0.9764155565018318,-0.010698656524199102,0.2530626704582928,
388,-0.5768770215683159,0.780633182136681,0.6381491107265607,-0.9302329988023408,-1.9767045431085237
389,0.7286559054468078,-0.014661004602927408,0.3250306325322112,0.5953133542676228,0.733643695010137
390,-0.04373386654741318,0.011546465662152894,0.5489668197891491,0.21836183420563993,-0.05014264277714096
391,0.2019612397072328,-0.9659639431468603,0.10897337009027974,-0.012566580199699029,
392,0.4543866943936168,0.02875052287740254,0.7214021765804213,0.26732607782903317,0.43617589571063214
393,-0.5809647929500703,0.25296390983327965,0.7000297334200218,-0.9251606998023283,-0.7880785511182823
394,-0.15270512898220967,-0.7966147856492689,0.1315200818964497,-0.16292653592392248,
395,-0.9842872836688059,-0.5178339030699153,0.41055760141477915,0.8401487817146214,-0.9799634759803033
396,-0.5024550281953359,-0.05219868335548039,-0.8627105518663645,0.39877512745938226,-0.5522389009051156
397,-0.8293904416690305,0.7441973071229657,0.777436396671195,-0.8319898422938177,-3.149013912135565
398,0.5528282108119331,-0.4006735292502932,0.4536153925408508,-0.7440073885493919,0.8717977518265084
399,0.551392042295809,0.1759557850566913,0.4956968195770355,0.13167363391916465,
400,0.390360281572254,0.5002831653563615,-0.5926943175811099,-0.05357059588513868,
401,-0.8509377272585652,-0.28278446679810765,-0.6353540346200033,-0.15898779914975636,
402,0.41123024491294546,0.7961859570400136,-0.8819314571071333,0.19838696345756857,
403,0.4207966984761651,-0.06391686175583522,-0.15887522361490314,0.3067873815168414,0.4198552286115442
404,-0.29151155602594625,0.292651974509039,-0.13174577814917598,0.9233370077106691,-0.26670672295256326
405,0.01666355363077665,0.9788540038967235,-0.7050423462467594,-0.3451384009749099,
406,0.4185026192416881,-0.5932632375724194,-0.1527692455764953,0.7149361202618081,0.5875372089912718
407,-0.3642453917422095,0.7806856098983324,-0.041438361688961534,0.8332561389976401,-0.9494327474227111
408,-0.3822449874114384,-0.3342547841299792,0.4975334315428557,-0.5453938095118371,-0.27328045802758333
409,-0.13895163239828623,0.17652157309666738,-0.5693151447331524,0.5540307984040342,-0.04056951634728056
410,-0.6994281596159253,-0.8269271809669614,-0.8855335298791178,-0.7080874312087126,
411,-0.24628240898876985,-0.7563132342456984,0.27482423424716607,0.10236362109350283,
412,0.29024574707951944,0.2271965201213122,-0.24143746628142648,-0.7920125336808379,0.3602394297053601
413,-0.36500180027007323,0.48413932258362236,-0.7476859573357224,0.8227248526748678,-0.00373225067043849
414,-0.8513970117918197,0.9962966919625766,0.9689385367868066,0.12319921778364673,
415,0.2183612269795281,-0.8448036504081955,-0.6187708430199008,0.19633142544541538,
416,-0.9475112939926318,-0.5450788683021686,0.7224278051893855,0.4607281497164093,
417,0.006922128830871621,-0.21201684494520512,0.8952071571885076,-0.34684580612088056,0.2485669087858208
418,-0.3430276571595674,-0.4128677872298856,-0.654885150082041,-0.18288195169242538,
419,-0.5753284170485164,0.47407361580061846,0.45915496552105206,-0.4587233044875576,
420,-0.8253396400171744,-0.8762890381324087,-0.6087169006811308,0.3131109638901519,
421,-0.7610218148835373,-0.30466928614090594,-0.0851326550725715,-0.009782816883931122,
422,-0.2884998581194016,0.033210642220923736,-0.9193988311256667,0.8846424456452131,-0.2581480071259402
423,-0.2536601856027154,-0.5292049019270408,-0.9666710640818106,0.30959061180513214,
424,0.09345289081458019,-0.8159395109302874,0.8445900710470653,0.6685486292487506,
425,-0.44551633094056786,-0.08182117155775592,0.3823294111634117,-0.2829805666410907,-0.43271646454172813
426,-0.6076795861197968,0.7098708977674797,0.021771815435129183,-0.5084252285604687,
427,-0.8155997466677152,0.8555974467384506,0.348726237696251,0.2574087575496655,
428,-0.8495103033850773,0.18610561498624523,0.5962858545932541,-0.9301182478059318,-0.9803062962927424
429,-0.25141704667389564,-0.9138089833872236,0.868341831301845,-0.9953403062309849,1.367583975169346
430,0.3710304738511747,0.4499339333877945,-0.5227347637283584,-0.3460233187186559,
431,0.5135486370129303,-0.6275866414199145,-0.8598243070675387,-0.3321940360370823,
432,-0.5279604346751776,0.1682280784492145,0.3780186023383496,-0.4267193927421775,-0.6436863857158963
433,0.7017056577709366,-0.6388302904590408,-0.7702677549710548,-0.5409504064602377,
434,-0.1075874863638,0.6760855333505134,-0.46775931532369586,-0.9996181519884311,0.28327689293228386
435,0.33829438297391357,-0.7035227327889839,-0.3624093458929303,0.7532976332105483,0.23311266972080258
436,-0.07144795211032373,-0.04736826718889198,0.653235959656641,0.9247974454716148,-0.04055853431736992
437,0.7035458479500458,-0.7236992592330869,-0.13891274659058084,-0.1488299079973856,
438,-0.4852432497516881,0.7223532107230668,0.3314521830426871,-0.996863793027307,-1.0515513625251482
439,0.339378995532164,0.5983900607767074,-0.7569266459598603,0.4446824707262311,
440,-0.7510026485346759,0.9661655242617391,-0.17735559345362661,-0.141969041132328,
441,0.6959429600707452,-0.26968009912729896,0.10049187541711957,0.5316318194808514,0.8390040083287478
442,-0.8939956901664023,0.9568137174081011,0.3416914457452809,-0.05038866273938858,
443,-0.5863159141867114,-0.41286671503173156,0.6880676085586823,-0.807192223927581,-0.35172633827518596
444,-0.9550258437377155,0.41574797761405735,0.4295015134160496,0.6635567473738717,-1.4544667204470978
445,0.5957433153034992,-0.40422016684478645,-0.23347706839994675,-0.4952196140987166,0.8678572818408603
446,-0.11988800901614138,-0.23730260584329943,-0.926088484486913,-0.8073357902649954,-0.35534836580182955
447,-0.8412197138494559,0.2430508617076219,-0.3255230428565339,-0.7341558216843274,-0.8076448664231657
448,0.31792549388344793,0.7367795181812473,-0.2739471717041877,-0.23149254150199217,
449,0.3998229744806414,-0.15226455619375945,-0.915056051859567,-0.8295804295319156,0.26499422927188027
450,-0.46770861678845255,-0.8556103193438993,-0.9272608995974123,0.28681354631165235,
451,-0.527999859962301,0.01763577026904195,0.47916175166309327,0.6441342002928627,-0.5366514242416086
452,0.6545214891172586,-0.20963204668468682,-0.9220036559742182,-0.01072416097640061,
453,0.3861802120750606,0.35383225220543046,-0.9583106784789373,-0.011919592493893294,
454,-0.09173287336175884,-0.8832665291423503,0.8874758030205387,0.49113639088828487,
455,-0.30536537785123063,-0.08374140150416509,-0.07102771498403126,0.731357832261371,-0.3133743696242845
456,-0.32322624792335075,-0.8458484334434992,-0.04046615393024666,0.40399328142981417,
457,0.6759767343433978,0.004247884180182293,0.9886710249805226,-0.8736381784954317,0.671784915515217
458,0.9394141981641719,-0.9999188024748036,-0.2943489878839689,-0.9301332924264183,
459,0.9533866608046491,0.004769282619229154,0.6252349495855896,0.8539482460051926,0.950419561478681
460,0.6494893024133723,-0.5844885140984153,-0.7101333150949576,0.6031596343710437,0.9495246607122596
461,-0.6152908858532533,0.6761801786277553,0.04430058258962011,-0.8871364187244926,-0.9967726503413833
462,-0.6217425893817732,-0.26461670012806415,0.6757792871008259,0.8870701511029064,-0.4640477975686228
463,-0.8741354726113382,0.9552238599282263,-0.9463052150995852,0.116604501967986,
464,-0.2532078337890358,0.04961463442576641,0.37667156822907666,-0.15871214454730542,-0.2862420398928147
465,0.07293599410560136,-0.3198598655404352,-0.7544768563049333,0.9987482027678996,-0.17775323674299479
466,-0.33159417687020887,0.7088479927975193,-0.651703696868603,-0.312702603044791,
467,0.42861065557025424,0.4567981754357473,0.02291039719778265,-0.8280826327645066,0.5013211363186258
468,-0.535078539746096,0.47644415342681756,-0.2419608713258503,0.10188371225820925,
469,0.17201434550440742,0.5242101254854064,0.3290902324395475,-0.24600023965776519,
470,0.5094618777965942,-0.6254999622045467,-0.3319752825948823,0.9294989008638699,0.40802181036198554
471,0.17714948412643006,0.942850593985475,-0.4812580926439374,0.8457199234201391,
472,-0.21003214703969153,0.2814828289578759,-0.4647395172975588,-0.1255039602453658,
473,0.6267547073479964,0.006672981916369336,-0.07499151605852061,0.1964969606956557,0.6276171324750535
474,0.2468564462884586,-0.5440411995885837,0.12162495661372441,0.03254769172650129,
475,-0.9793576586520967,0.2973505680501265,0.4543148646324118,-0.12179334618479443,
476,0.24538730220396165,0.502534891784747,-0.5126795278074356,-0.7454596160839391,0.6810404730893869
477,0.27723598667586513,0.9880626001696118,0.665754864436291,0.9578792285799125,
478,-0.592343977493188,-0.1477060970260684,-0.12336702733046057,0.038443078467356395,
479,-0.20608037144444724,0.2057665899162473,0.09192663002523682,-0.2452121993208216,-0.4136557749994991
480,-0.19942708826544542,-0.45342288366258865,-0.03489059756697244,0.47402924902593657,-0.7380679879632306
481,-0.11045151472642267,-0.40511737258587677,0.7293644504863708,0.673070133376481,0.23169595182907557
482,-0.050933816903579565,-0.7013477404843533,0.1386894371925187,-0.36629500543213034,
483,0.9259008486170968,-0.0008464508649854707,-0.37768833378101374,-0.4870714961483775,0.9255825516668102
484,-0.15280862806687945,0.7469382482780538,0.09003672831191856,0.6371662922485206,
485,-0.31313419975790513,0.3641353590004264,-0.8521317384951086,-0.4665122579043208,-0.004547950634802164
486,0.034004132993620706,-0.24854489224942822,-0.32620735796570943,0.9146124072852515,-0.048913752265308814
487,0.3532313593763259,-0.11401320315310737,0.376565204872668,0.9520240044392541,0.39903662202699
488,-0.18987541702212174,-0.2272143481344684,-0.18603927334207615,-0.7370831696474287,-0.24403006684902212
489,0.5207081688068966,-0.056737880276669816,0.5765092579127205,0.3743201849331643,0.5598872221138436
490,0.4213934556181682,-0.025946570445603445,-0.7437809635934365,-0.8577596842790796,0.4022789784112457
491,0.03508670511644896,0.6237053069377894,-0.2854670435357509,0.9608801481963789,0.2801796406575417
492,0.2758851142953491,-0.9008243837796619,-0.10689449582953969,0.5071017330059,
493,-0.4476674512997598,0.19060663049433613,0.9022658590964403,0.12493410221383949,
494,-0.24802749957987102,0.013698905427816266,-0.9591618074162043,-0.5294188047530601,-0.23496670502717026
495,0.07637571723544423,-0.936383985984659,0.1596774929863869,0.8851639848766832,
496,0.22951611367809566,0.010908331537436755,0.6278774890721017,-0.36910861281376595,0.22276431919586095
497,-0.7929952286298894,0.09595738090088224,-0.8306995896357197,-0.6402975108408617,-0.7214308356484392
498,-0.13196071751223837,-0.5202392003850533,0.38614470386206357,0.62082015684276,0.12631139215181486
499,-0.2977044741666348,-0.04945314570279624,-0.7164424836768533,0.702737981748033,-0.3339627655933727
500,0.51366023278213,0.2908377915208793,0.8253400754496112,0.44566936233037713,0.3611125717031735
501,0.5130773059537428,-0.2996343341406602,-0.4634592904418815,0.9425651369887547,0.39468243824145716
502,0.32179702706356283,-0.05150489821143478,-0.2372567609336047,0.041387530342944734,
503,0.3623422442978137,-0.1558268139443324,-0.17283389095977686,-0.038952981686693366,
504,-0.15227609573000445,0.018577636792356023,-0.9381300553218206,0.702391241499589,-0.13489504790291176
505,-0.9272990310486284,-0.3249191084360088,0.8810086621557853,0.8111084041107124,-0.6996302702584498
506,0.20373853347451365,-0.5162198938518039,0.2501170419226917,-0.819236947656895,0.42866176783515253
507,-0.1331218634668183,-0.6293463249281659,0.8183604371498467,-0.27941617438379973,
508,0.09725191620072371,-0.16646943290193428,0.0863247009184227,-0.19446823405879599,0.21593049102743234
509,0.5480221306310289,-0.8091393066645973,-0.7411065945123951,0.7004051243866991,
510,-0.11545315007713652,-0.5939967933508166,0.28926074257964496,0.0502733322133917,
511,-0.14965381023711744,0.9881273361888256,0.06471343503648108,-0.047921519839915216,
512,0.8896062953445651,0.13416917232370285,0.5378635395304547,-0.9462327122311651,0.8257850482927414
513,0.3260879673369421,0.05313342615964478,0.16214263694942277,0.4257963771264093,0.31997379110506996
514,0.015201420869861204,-0.010008218525027202,0.898689209293126,0.9293619684007082,0.024197101966080423
515,0.6249108326649577,0.2355788862537347,0.49218211216112606,0.01803019383719584,
516,0.13234416688640516,0.0735611713954194,-0.5409975723592386,-0.5584154263791066,0.17365391162727456
517,0.10808758217058001,-0.7743751793942657,0.3665174638427662,-0.564474121445685,
518,0.4136980925205802,0.9986609153966708,0.5357305374878805,0.7765522979365045,
519,0.558355753951181,-0.5036755942030364,-0.349063593235005,-0.6882304762614107,0.5613426458647622
520,-0.8810440310899368,-0.9988370957400463,0.6873461170795592,0.22400991184782426,
521,-0.26218496520632883,-0.48507466929536225,0.10168742023268318,0.8762894907769898,-0.2555905309651479
522,-0.8313191077695563,0.6369031768369529,-0.34149768938128244,-0.5133325087356524,
523,0.46017811550546317,0.7133365095530886,0.07757406303592718,-0.50015334305201,
524,0.5612619348395838,-0.9471807294395971,-0.9692327249049213,0.6863234334503636,
525,0.7733394946971721,0.3810228906979152,-0.18718419696374666,0.45673950817562514,1.5317749628217667
526,-0.14712573486084168,0.7872570839853508,-0.309886914472699,-0.21330151298494848,
527,0.1527856130749723,0.7410690674176903,-0.7337497207665424,0.73223504262851,
528,-0.7785292620353064,0.7535140758041885,0.23710823591524788,0.8181909945019936,-2.456373019962331
529,-0.6260309125509713,0.3467709504271723,-0.2295676266351041,-0.9049257368501793,-0.5915826839151431
530,-0.44776922166106203,0.4694424796845149,0.2718163403327678,-0.7105047331790666,-0.7665126371170248
531,-0.1861860669086981,0.9830835853931283,-0.24297817339954064,0.9952111740204996,0.33848779406392976
532,-0.45302804372414585,0.5212012593763613,-0.06681816661669471,-0.9677538892077946,-0.49633424538317905
533,0.7130749420544475,-0.3993966359955785,-0.8549564569761297,-0.055475440005326115,
534,0.49546051969732474,-0.684264362921523,0.2476319226845609,-0.28482897224234915,
535,0.9132617036562438,-0.8565161770953222,0.559412992159648,-0.8083200555610777,
536,0.2447713178114912,0.8161999815383507,-0.10833015371908128,-0.9874868642100794,0.5919447440758967
537,0.38441298557434656,-0.9827619859516104,-0.03840308499766132,0.8696670827088693,
538,0.18605438861710155,0.4842456859678075,0.6403472956951934,-0.5328483071250019,-0.2972511469864996
539,-0.7987413041975584,-0.7060170487676751,0.2902875374981386,-0.788234157637882,-1.335357884512712
540,0.8762986333431306,0.1692982409993442,0.3905343175049225,0.6879004629500853,0.8358920168540039
541,0.2612707266216776,-0.9904250541777213,0.034387496947386964,0.13689213627787322,
542,0.8262356827300583,-0.6115783445081813,0.01701123617748146,-0.207760133309846,
543,-0.38698012150420125,0.3526476533048455,0.6399484491029044,0.4650698223731995,-0.9397396326212151
544,0.9208754554305361,-0.4416925571435406,0.47392760962117797,-0.5474264672102684,1.9131625933024625
545,-0.3083377633471527,0.24738017038053894,-0.4025380186027343,-0.9694253100837151,-0.21590584277025837
546,-0.8838639761318665,-0.679453062583061,0.6475993635798949,0.23827046538184193,
547,-0.31611957463698137,-0.10850217849684718,-0.4638984336851151,-0.3017383064002468,-0.3927226757940348
548,-0.8106774881148031,-0.22990437159645705,0.959687594037403,0.7866280045142686,-0.6169802214736977
549,-0.7399128884539494,-0.17632279147357077,0.9376431379984029,0.9374102898065111,-0.5850273523026225
550,0.8105422950099557,-0.028454376968144013,-0.6287434085280446,-0.5035830638074594,0.7939201743442859
551,0.8210113096262472,0.3528761826068405,-0.11936151353512225,0.3073190710380558,
552,0.03095218747695694,0.9611207435421782,-0.2784828528639194,-0.665452548495358,
553,-0.7135176292690437,-0.8990055725876518,-0.8496039537487081,-0.772111639526931,
554,0.8971719214506122,-0.7641283264379488,-0.916423788801779,0.7186963927649039,
555,-0.5011916762612634,0.383348114562567,0.15294799245207225,-0.25075193919841143,
556,-0.14608179671724852,0.1969843453179989,-0.09957583483904364,-0.8969927694478752,-0.12963137239219477
557,0.33696881050838545,0.9229688998076255,-0.7378982477500837,0.4136870747844188,
558,-0.10715266384597122,0.7638025896876701,0.2887851518577269,0.458068511288217,
559,-0.09738137391638046,0.03535578403630901,0.5927078710396896,-0.047079023507262896,-0.17921277401921953
560,-0.8771491788615677,-0.16507846825644368,0.08521130397732968,-0.3816459444479785,-0.9572649895713904
561,-0.8556325540774665,-0.5647519036575432,-0.053246421261657684,0.48458207954294474,
562,0.2570837702666924,-0.8711443719877259,0.17532133862765842,0.1678109797527958,
563,0.2743798443353953,0.12798204950295533,-0.4471453238409058,0.8907518747818697,0.3350831101374769
564,-0.6502818957480192,-0.5133465025752773,-0.8171027949542402,-0.3114148356953439,
565,0.8764405976110423,-0.5397387440926842,-0.33608574261442614,0.0757057927807685,
566,-0.5378020108377899,-0.9994401054371722,-0.14302835145189197,0.34202056675717296,
567,0.13707913465775712,-0.8225178210617377,0.3439103014144824,-0.11873350596866583,
568,0.4261455374911778,-0.8145182565865352,0.6642034794778942,0.9433370689956788,1.9172562153316326
569,-0.4366194693173553,0.6546496060834228,0.7739008049254972,-0.3267973595250313,
570,-0.11278394123571034,0.7369628560808226,-0.4922904166479909,-0.7794768182131657,0.7675246228307692
571,-0.17862701201264342,0.0003897668550203459,-0.9366264555063419,0.6939100162882683,-0.17826197418584813
572,-0.4360373389304053,-0.22692874242125982,0.26341788709294245,-0.46844508401371043,-0.4300951979113935
573,0.9320522170548551,-0.3368963323859002,-0.6280274704382636,-0.9710928777840253,0.7681815975792877
574,-0.09921241482280108,0.6764562370708973,0.9054504556935001,0.7464246505243979,-1.6836575778061011
575,0.031381970852821794,-0.34473488633210203,0.25391833492055227,0.5260837825933382,0.15742569983779195
576,-0.9282163292361039,0.45394974297317847,0.28169795256240304,-0.13570803576972867,
577,-0.29108902186073693,0.5942653160350271,-0.6733758354138464,0.6046040109141799,0.5923480883768842
578,0.16601320735638225,-0.10798019514403956,-0.07046492703952634,0.7857262402948968,0.1599217502047498
579,-0.7143725619153556,0.9586402960297038,0.40014941683314587,-0.6996616350612976,
580,-0.5498325101643344,-0.03094220213859522,-0.33568055267046026,0.40872925308487695,-0.5618314491335276
581,-0.8488893786679894,-0.5913231173920726,-0.9599501535970272,0.5998137409895288,-8.448733101570301
582,0.3694993428098554,-0.4815422327787531,0.6848226255868988,-0.24530664899219579,
583,0.0812598886251148,0.4887759374625309,-0.24446370157569186,-0.1702684366447389,
584,-0.7495830441973632,-0.3368718789950309,-0.22948394635754177,-0.34796835640958035,-3.3006551381716958
585,0.1850435698318671,-0.6611702109251403,0.5110845731887388,-0.20199547774824134,
586,-0.8735813361086928,0.9910058605342313,-0.820050161450669,0.9726225467035756,
587,-0.16958410418848446,-0.43038197178052373,0.601939020132745,0.3916832807061792,
588,-0.03740900681492554,-0.888792921080966,-0.2715457836022488,-0.7873938624359957,
589,-0.06190440755663884,0.2052032568803086,0.6424878895839208,0.15891262379217452,
590,-0.5173962504751037,0.705257154225462,0.5909235631250425,0.4911969694991083,
591,-0.6844361151236227,0.8094263115877411,-0.6911791884455567,-0.6083515728927544,
592,-0.7661159525388703,0.8636329337973327,0.5074549948457192,-0.5463161910898311,
593,0.13524120405354045,-0.8312907182998588,-0.9453067831609006,0.8354457566913249,-6.531310725418392
594,0.8389450657895781,0.9252553351428663,-0.6500316962596928,-0.17794978841493192,
595,-0.7039158566105941,0.24717963912393737,0.38195421794954987,-0.7273873471793026,-0.8488407826560396
596,-0.6967955378956394,-0.23369111936132492,0.0692284172048454,0.061762976856444274,
597,-0.006907350333712481,0.32343374085847376,0.29796959855655936,-0.08807085690430361,
598,-0.9087972912554165,0.8090699883332737,-0.7560986996428731,0.18038509040216288,
599,-0.11978314259872236,0.04401448587893042,-0.04413209282585351,0.4276829848547159,-0.118469732666121
600,-0.08102437747494218,0.5972989908411688,-0.4618663915109025,-0.5700616624139774,
601,-0.231843103877591,0.6399528858611543,-0.234476854255238,0.8772987498074816,-0.11957009606781703
602,-0.4600878460163298,-0.33141066057536595,-0.29715386301196145,0.3009160878483603,
603,-0.09317014063623485,-0.9435471008596297,-0.31636848597024336,-0.7376011096431876,
604,-0.8667037611552459,-0.9603758108021343,-0.26435249341858547,0.25894813177551623,
605,0.027000275674527785,-0.710930978076211,0.25916777169279737,0.7786375120827826,0.5179500681745431
606,-0.5927618630507463,0.3340801835935088,0.14746147436812906,0.1424646576737052,
607,0.3039291575217422,0.9456421717096937,0.13742715163863028,-0.0079790939444917,
608,0.7477792294040613,-0.6140386525944328,0.7065348546205727,-0.9952606300563298,1.5014362412544349
609,0.383432175013781,0.049859178092810374,-0.8020183560999603,0.06135998392103548,0.7264451272979738
610,0.6671339431575414,0.44221488921435625,0.9045655499569565,-0.7804128073216026,0.3241908829004067
611,-0.22129730678640214,0.8235413420117439,0.9478554544071449,0.9934854655901877,-1.7912251693709096
612,-0.8259519248106415,-0.047982367652279034,0.12773957683836223,0.755043132428812,-0.8214831344212297
613,0.13114022712587814,-0.2128080000646817,0.8453064639004133,0.05579802296469327,
614,-0.7194633650690236,0.03013283926419441,-0.5884928100113569,0.8919215154324094,-0.7021312163178901
615,-0.05188295676984844,-0.799368113085134,-0.439024334237498,-0.14814452228943353,
616,-0.16288406961825075,-0.9690717108670317,-0.5049325914524332,0.6237691531854406,
617,-0.6219968745255571,-0.21150222053692413,0.9689115935842618,-0.7452329899654493,-0.43495461452585515
618,0.2528186099940566,0.36931166851168906,0.3147221245189269,0.9560179024566993,0.14808342714396167
619,0.9399147461149564,0.04887721042193238,-0.8097335886923909,0.910103334395987,0.9809078735060341
620,-0.5975832458822297,0.3405871211853515,0.7179520490547193,0.33657079151557756,
621,-0.9598502894584309,0.46594627418689916,-0.22151218371470827,0.28345186143575685,
622,0.9860782387932159,0.1997695554650012,-0.5488961332164186,-0.5306938605456955,1.1827267912876347
623,-0.6476350281980963,0.7637852639321485,0.9011321654186253,0.2729992375550654,
624,-0.398280376269482,-0.09624240138879658,0.7007995156270641,-0.6431382428304862,-0.3346014284148191
625,0.23922416580915695,-0.19696282159318046,0.5709972110570989,0.8947267574817124,0.36053368463879637
626,-0.770520291981514,-0.48936079664913534,-0.3844348055257152,-0.8564034942925303,-1.1681392921970501
627,0.572984544243226,-0.9832084227656799,0.15134033856738305,-0.11785525657042073,
628,0.955825366704754,0.6953622286554786,-0.8943231044867264,-0.8959940173445138,2.501767939437896
629,-0.45381094982391534,0.9940688811383518,-0.3513951890905376,-0.78441193072461,
630,-0.0955750271703042,0.5526396135297822,-0.7900694427297716,-0.3840503233202932,
631,-0.8002221762878141,0.8471352161567212,-0.7232279782932372,0.820484511518047,
632,-0.13681971057545583,-0.6675287974194737,0.5544673690781237,0.15937080597860653,
633,0.6004304883429186,-0.09970292820032345,-0.10027765613010509,-0.36756524151815295,0.6134311045821993
634,-0.8738226523931019,0.6669166925182823,-0.8036709034916447,0.5604158677921245,
635,0.9443873728783381,0.3686444067996042,-0.17821389234415874,-0.7882426062311505,1.1427612764782846
636,-0.9110948056846773,-0.4746996141317841,-0.44398996727477513,0.13353399913116237,
637,-0.1274348005166459,0.6902456913606481,0.21743830427608857,-0.6892450436220583,
638,-0.9941862074710894,0.8223972495614349,-0.2880251848261275,-0.4216362706134318,
639,-0.4799410908356012,0.2729504637517932,-0.8814139940405725,-0.753929590598633,-0.25677757394820266
640,0.7882314899877287,-0.27463709730749497,0.6763795988836163,0.26069264343246745,
641,-0.02906496125076652,0.8934066219742343,-0.26343964940717246,-0.9737344199898113,0.5186867243250056
642,-0.6436765808868756,0.2849100173311967,0.7113946203962143,0.47559930200247136,-1.0570144909438846
643,0.40328595288375335,0.1277545730836407,-0.540883214751501,-0.471825054100403,0.49071700903015525
644,-0.08651596421979435,-0.12766444886196315,0.13409648567867327,0.08635868846781758,
645,-0.11911682430480508,-0.4766763953743294,-0.05454821222363915,0.5573175435005613,-0.2800842284697129
646,0.46654464693023723,0.1257538040008579,-0.05789384308033729,-0.47987656384951216,0.490983374207813
647,0.06608821418154953,0.1707285030696526,-0.2588245754722205,0.23761932777178485,0.1585506743545493
648,0.9521043741954773,0.24619223459646666,0.38610872796329687,0.2783115735174757,1.8377163890531685
649,-0.23602845387990268,-0.8413740616632293,0.5534313986841053,-0.9559971444988833,0.4836160733534955
650,0.5120427604816531,-0.35226118037875986,0.436767263805236,-0.011778452085994484,
651,-0.2928376313771981,-0.15434061183059256,-0.3818423859655653,0.056028861618064196,
652,-0.1240773755184672,0.5499173496423984,0.1039626610793396,-0.5771661412988469,-0.5969294301543495
653,0.9033256816783455,0.6602864151723387,0.9329909588494223,0.48933351012936566,
654,0.18474929694635978,-0.7947049584784505,-0.2695033069795745,0.6409178875043069,
655,-0.1901905317755015,-0.35048155633185907,-0.672323119700057,-0.6614972323714357,-0.5020937029734566
656,-0.7315982644594716,0.02440492032567687,0.19809597103288845,-0.6566312355455768,-0.736941953486366
657,0.14145429761016026,0.555407528773588,0.6057636735599592,-0.08393133542773668,
658,0.0978074827842319,-0.3215990057036948,-0.46944392778807886,0.7156759559959804,-0.059512275829327284
659,0.8549617562737786,-0.45843347319843075,-0.8084670687549249,-0.36358378541746283,
660,0.44372820717812944,0.646139831775173,0.4864879852661972,0.8120508232254913,0.21361691497542715
661,-0.19486414896015103,0.7382587417553521,-0.33966720031820596,-0.8183706527811521,0.1295406805586401
662,-0.6948441829915808,0.980295550853487,-0.3527096250513746,0.5499247384977113,
663,0.11313638388854286,0.9335529005322283,-0.41765376921492137,0.546966146664017,
664,-0.8557982362857983,-0.22557716930617455,-0.09554208428638211,0.27395662635530504,-1.5461154853891588
665,-0.4900830361535413,-0.44535576216599937,0.3755581365406395,-0.3668888844350726,
666,0.35381060909691864,0.27405430666587116,0.5165758989246225,0.9781172502187032,0.22109659186362993
667,0.6935086260149621,-0.44204356445738435,-0.7599973928547037,0.39394465712338134,
668,-0.9318134447244593,-0.129710367166038,0.44513468859217187,-0.03972631625696743,
669,-0.7950788609574362,0.15174991199003873,-0.05624649523126468,-0.45369537641035507,-0.8346134337807573
670,0.7615265832249742,-0.6014399003069935,0.008590837018984221,-0.6935245720546686,1.539788281541172
671,-0.9905726053270305,-0.7811438781509232,0.5680615673225631,0.8937518401389273,-1.1253682288790519
672,0.25175083283640554,0.25021292100326953,-0.733697430776141,-0.5505866472424792,0.4887117626921343
673,0.7227648646611999,-0.38378374191546416,-0.9417189616772794,0.09903062057937384,
674,0.4072260195473316,-0.6957548376623441,-0.6930562621603011,-0.8271861615773972,-0.13861393802602212
675,0.0324904606108245,-0.19976782109505287,0.4891498937086127,-0.8505037210100712,0.13395438403851542
676,-0.013231764773474097,0.7331330290783118,0.6179431376743767,0.7168268315137631,
677,-0.7809570667612065,0.1982436891817254,0.270668607411477,0.9747230883324178,-0.8524321631259993
678,-0.17972137364046104,-0.7922229794899593,0.7532834359663736,-0.8946031408663793,0.8977851838634667
679,0.020285055342155855,-0.1443612189889314,0.550198346386225,0.024367765953047904,
680,0.22360616110451503,-0.9670839320625257,-0.3728374134635535,-0.6817504715270624,
681,0.9857251343029998,0.3863741165887755,0.14223920887899655,0.13988145225030268,
682,-0.9925103540858342,-0.8696342767352443,-0.050250937631280745,-0.8354871752603674,
683,-0.8710515705072137,-0.5002601306568271,-0.9400381848069255,-0.40390584217043846,
684,-0.6963715890186633,0.8710160222879675,-0.2623851203847165,-0.6024675389999048,
685,-0.40530465768398405,-0.17495484526115446,0.7623889870545839,0.39253147729764226,-0.30376199040296203
686,0.7494193973053671,-0.23157488448255004,-0.49548536113453445,-0.30512636198863796,0.9746995919639998
687,-0.11268854767732228,-0.5251703560397729,0.4649550409428793,-0.06090009580677114,
688,0.29464685835868654,0.9496236773832232,-0.05388168761765333,-0.7589873745851832,
689,0.27795415987597516,0.49290194547359856,-0.9925187575785364,0.8068489392795914,0.969002323436586
690,-0.2721889495063572,0.06470831953919576,-0.5700902423348053,0.31330469245028225,-0.24048439007058808
691,-0.21293689810767402,-0.5625512056885085,-0.8030797871448279,0.7201861560485225,-1.064589341022853
692,-0.7888407593574809,-0.8719629987247146,-0.34819879188809266,0.8389158327465371,
693,-0.43329560356979613,-0.8222126400893157,0.5648115655348962,-0.784708829577283,
694,-0.8653915616674168,-0.9006123708073901,0.594369291285427,0.26402097176849937,
695,0.36411723599815127,0.632822950301039,0.6653704208167817,-0.8639235113636294,-0.08364730918970457
696,-0.9091738386945194,0.6188155309350258,0.436122961240456,0.18039168775583359,
697,-0.1607216609230364,0.18919338074318937,-0.1595542678970241,-0.8405227373250843,-0.13397307411949352
698,0.6662151777891241,-0.7597763528341155,0.6201013009676133,0.06756101194073572,
699,0.13961317666573647,-0.986950920083874,0.06528850000851216,0.7475463599312546,
700,0.9292628779782446,-0.7735355913631621,-0.8645687117107212,0.33503942478577664,
701,-0.4224170087891592,-0.5924353404131293,0.607606635962312,-0.07945276681330027,
702,-0.6308801396090837,0.6824345543647323,-0.8185292342039436,-0.10256634683892418,
703,-0.6654563215341924,-0.967846587693951,0.5488880780933678,-0.46283618800893245,
704,0.7024467546177127,-0.4475370300637913,-0.2376354892123831,-0.7553535639152971,0.7399587457423168
705,0.9839540583564164,-0.89106234534166,0.42653590431907995,-0.8696900175008624,
706,-0.6709639674881556,-0.2854973278859698,0.6198078768959803,-0.08959650754262016,
707,0.9948347030561473,0.2774269913082401,0.10273584942031255,0.07774183945532465,
708,0.880496181897257,-0.1821578910045054,-0.26290525928896735,-0.13622671785963658,
709,0.0004459664412175268,-0.546727078128131,0.2342134575377699,0.4824523193828083,
710,-0.8872122568392311,-0.44311143804337694,0.81432154544456,-0.5529558953872429,-0.8799419630117484
711,-0.30376007794302273,0.9639171539858598,0.3412974124356205,0.4899965457101869,
712,-0.3324077040158666,-0.5228561006978132,0.8067666362329033,0.1383530114827427,
713,-0.18095319967901946,0.735911234466885,0.3544934074627155,-0.46043116834946973,
714,0.8407268962603509,-0.07717523449118846,-0.6339275589553408,-0.519173481805385,0.8006992827060628
715,-0.851233755770749,-0.5412789173161154,-0.548147780635047,0.7381010947310549,-1.6884810711078748
716,-0.3195617288504906,-0.0019037050924919363,0.7743023048169753,0.36276223887460146,-0.318092065679438
717,0.487498676886329,0.8213997839333482,-0.8457364476161224,0.4255919926678733,
718,-0.2606953887175667,0.8740779989685517,-0.4436554720813284,0.8967068932106186,0.5693264003487878
719,0.7249495771084802,-0.25642879101296745,-0.715434821367495,-0.5939597042047904,0.6003204714632552
720,-0.3991010336957761,0.7538187834967036,0.26732237201860665,0.5458939623847583,
721,-0.2769692689792793,-0.07109126308445823,0.21194666604037016,-0.1540060561334331,-0.2952398432209999
722,-0.256886515276328,0.6694661304994145,-0.22786822187058609,-0.05109817697417074,
723,0.4655408285905893,-0.5415060934875264,-0.17080446770861513,-0.8768008005737111,0.4743168555164327
724,0.6532068482532694,-0.09083606632557295,0.671187523410385,0.9329085211624855,0.7175845706568716
725,0.43175847825213776,-0.898953905000494,-0.23830731569749464,-0.017406592284642697,
726,-0.8526044559153121,0.12875550333951935,-0.5985754518200253,-0.09714780979148618,
727,-0.4165597176297209,0.83991057784392,-0.4118856579236465,-0.7902034772715611,
728,0.7985612630508268,0.9635108504006333,0.4184262811595183,-0.6420100725875071,
729,0.24661178948828288,0.3889346946035894,0.35248526993324614,0.19436967630377633,
730,0.10457673152703029,-0.2231227123435673,-0.7878746641253622,-0.6737162628162146,-0.07547530705682552
731,-0.7234074548218525,-0.43897134744052235,-0.14712877132536306,-0.3493100207541171,
732,-0.608487553688172,0.6168688632369095,-0.5419001292283998,-0.27681910516148833,
733,-0.028953729705270215,-0.8628944979247657,-0.28200661842824304,0.30501964669859327,
734,0.5705977206236614,0.8737658351187059,0.990899432797762,0.1294835752809913,
735,0.37420589323383213,-0.29595356259510175,0.3287996787822647,0.977482155713636,0.49473666886960876
736,-0.3016746542449238,0.2313745289034863,-0.5262919763970149,-0.8751794128562735,-0.18654117863857492
737,-0.2511453387739231,0.49317855208486017,0.1496155382886888,0.8496401316468662,-0.3990369718244391
738,0.7830637506876772,0.9191404824068174,-0.5868560363059718,-0.8050970931062382,
739,0.015875330125366682,0.6511985381172485,0.9681367576715614,-0.9373031454670739,-0.8544721836192782
740,0.41002417153274284,-0.40930641399513035,0.576467690655037,-0.5690496345035034,0.9298371856791182
741,0.9440809967528303,0.559462617537827,0.3026975264300511,-0.3202760802197018,
742,-0.2234108593397024,-0.7603430817903889,0.8189334160028963,-0.23407893395366108,
743,0.6828475289274429,-0.9772956667743482,0.43437305035571283,-0.23706727335158906,
744,0.5722591194574715,0.5420361410116361,0.8982838518401852,0.6856769872447237,0.13937032299850163
745,0.2667133780159283,-0.6108491762849404,0.8273901005518467,-0.33332692210391635,
746,0.558923805434878,0.2814512441316559,-0.360338512825076,-0.06920370533077147,
747,-0.043363649637090385,0.19746580060133678,0.6744772366369498,-0.2508934861606533,-0.2861939454885603
748,0.6552682940814436,0.8273877701344969,-0.6045217670242904,0.05967024114034669,
749,-0.8707842538805337,-0.8508903095700708,0.9784118119011149,-0.3366219441856384,
750,-0.8376771404078365,-0.14574658107306537,0.4381169961846796,0.35416923144643353,-0.8490467760327268
751,0.42679756882799635,0.9870233178941021,-0.5186737129759385,-0.9309712475763339,
752,0.269906682167653,-0.6402605193114723,-0.4338562083162798,-0.21504667011360912,
753,-0.03001865175290197,-0.06280723410064959,-0.8886883807284638,0.6056056067177706,-0.08630007544297537
754,0.8483868649691613,0.6293936520005825,-0.42382416860903915,-0.2701907430556143,
755,0.7183589846029057,-0.601681703448407,0.13137778494350583,0.7696573845451726,1.2787381742066237
756,-0.8856457926335954,0.7360654173809593,-0.8986053797775622,0.42241181191800625,
757,0.5570703947085105,0.09943020770263722,-0.7704818052703866,0.9617397324146426,0.6370935326661707
758,0.6799735225163905,0.1191056261107335,-0.07095334018338639,-0.13136499571439164,1.6320125162552324
759,-0.011488411971181556,-0.5083178805376647,-0.10706607767348819,-0.551444203857334,-0.17001637419506918
760,0.4806262861402437,-0.8940975466593546,0.510026604488435,-0.7953715313206027,
761,0.29197695766457143,-0.2580806265811,0.4553246108429343,-0.40938857036409293,0.5275089072732391
762,-0.22712835192917402,-0.6742446541435345,-0.11975168053938035,-0.7735446960131651,-0.6280956389640867
763,0.5412951220173985,-0.014795110783887733,0.22544555366565233,0.3270481937330294,0.5451887655964319
764,-0.7864174309689833,0.31683627201452436,0.9692682093100007,0.18067077497347017,
765,0.4928958620242814,0.5399265628422165,0.8653551022982062,0.0948225579291706,
766,0.35173859092921034,-0.7250702405265816,-0.5153138408775051,0.9816850129588341,-0.03248572724039768
767,-0.6886185740518378,0.45970081556340525,-0.6843185815891946,-0.07483004426080386,
768,-0.6643869043427229,0.037476692617488094,-0.02369029704429204,-0.10868585200805381,-0.7068501520840705
769,0.43368687928767513,0.8009085619544574,-0.8761362050104535,0.677737891160233,
770,0.772127652574939,0.9819963221096926,-0.8290878261940928,-0.06786120964406983,
771,-0.6590940497596425,-0.8440295876988455,0.015702179855330733,0.3914375594669066,
772,0.9522909297319775,0.29410633816232434,-0.14617999470104603,-0.898981385857764,1.0532426415617069
773,0.6819579559535225,0.5718029097771788,0.6793886312895825,-0.7273520778254594,0.4748551729909079
774,-0.8733402450832088,-0.12661295082685164,-0.6581200250356063,0.8471100774329274,-0.9675350061731359
775,0.19256552169050778,-0.6298433671985144,-0.9674243396630104,-0.9813311135665486,-0.5434699176618303
776,0.01728604907048248,-0.70514729420651,0.07567925792298058,0.08072766086240257,
777,-0.29545538245997327,-0.881151152883062,-0.9875296909130049,0.6080035757543436,
778,-0.8495302960520243,0.8769853848243951,-0.8737801342415805,-0.5088098360616196,
779,-0.7967259466291392,-0.1105301366772522,-0.46704969325213197,-0.3545382985958456,-0.892847128459699
780,-0.1654804999037247,-0.9668063354497467,-0.34848099006179045,0.5147861575104555,
781,0.4743785746383178,-0.3032993238891162,-0.08109752443498386,0.39177257520536,0.7105833093513678
782,0.41949688311043465,-0.5520978963248284,-0.7477010067002512,0.3010992030578259,
783,0.6706399978159103,0.5363707580069763,-0.1275248349952065,0.6188724951896636,1.481498466466371
784,-0.7553167841291903,-0.12101297829821833,-0.5497453884496322,0.4834950516991905,-0.8488611330803556
785,-0.9670504523241568,-0.5517833202267617,0.04567806585812839,0.9534624170808599,-1.154888838872009
786,0.20512821473839304,0.8771195837768633,-0.5960440190802332,0.36468918880180246,
787,0.09127647048423082,-0.7562490593405866,0.07690183398207018,0.8225924794217676,0.3798081168695818
788,-0.418431548724715,-0.7288491922103109,-0.9916229764651556,0.5927032539640749,
789,0.0902137522416886,-0.6667107309104481,-0.6754296133094271,0.12782136974232916,
790,-0.29809536308068796,0.6629610724696511,-0.7983736365984062,0.5216773490309645,
791,0.954090785427917,-0.14983289696669755,-0.8251650803096973,0.4058587608637574,0.8935762166796806
792,-0.3510054521255166,-0.03563174223162635,0.536724212381823,-0.8291541944878011,-0.3321879058451327
793,0.6925711957274951,-0.32245285969362225,-0.4415452303961984,0.3783033747672806,1.0521041443987487
794,0.5037925203289984,-0.9418240672709097,-0.015855123643970348,-0.1347460412183119,
795,0.9032235057543487,0.3099373561234391,0.3326141367889517,-0.5046103699068969,1.0139294336092015
796,-0.675829563430453,-0.49421079537154267,0.8964216650495909,-0.5175205017562285,-0.784557943033075
797,-0.1705703675936725,0.3109002402465608,-0.8235513446904379,-0.05608948763032351,
798,-0.9565025222648595,0.4160768748882544,-0.47706070798971845,-0.8214105590683458,-0.8791392375764019
799,-0.17456014120159602,-0.9227918723876447,-0.041980337423663805,0.05283342514006373,
800,-0.6493686666221645,0.6189302824889147,-0.7485968259603277,-0.34755957369207624,
801,0.5262447584971892,0.7900774494508449,0.1499134353419036,0.14765552460937137,
802,-0.9193118027227634,0.5996862351683967,-0.9423761823285359,-0.51755036091202,
803,0.6352888306901594,-0.6733181252483644,0.49982886272479243,-0.8877380025327095,1.4911952877044115
804,0.8414089665836617,-0.5465303096381451,-0.04533194473633628,0.22450235878257074,
805,-0.2690672700582788,0.4040829523765064,0.4598352850154692,-0.3414016212121562,
806,-0.4363821169545592,-0.8137053816514599,-0.4684748020871454,-0.7049950812754648,
807,-0.9017599830875924,0.6252731408457626,0.03970153772395002,-0.8684905342979281,-1.3350937387083963
808,-0.05392880037761194,0.36020226907941044,-0.3262798448520796,0.12351750342455747,
809,-0.08741577187344629,-0.4842555975012459,-0.8025364982205827,-0.8419389620637356,-0.5819408907364237
810,-0.3601672169297345,0.9590515883303286,-0.8049345496111795,0.2787383008779458,
811,-0.5415987459797238,-0.0835371784341592,-0.476369528530483,0.0034775679065590648,
812,-0.07743626330111941,0.24869758207796755,0.41288722818059664,0.5321951485585295,-0.20373388186193486
813,0.8510826477832694,-0.07072923022588995,-0.8818900899583046,-0.25475975939021933,0.8209818751756375
814,-0.09276451972539723,-0.4387426284518232,0.1628902824806433,-0.04420360616881225,
815,0.19733244549905504,-0.034647016130346264,-0.625140620343112,-0.8240216742203057,0.17582867967964066
816,0.7402849555858038,0.3664513597624841,-0.9055914781517149,-0.23957757889929,
817,0.09691908359519719,-0.6633651681480186,-0.5832570730467956,-0.45985126292093503,
818,-0.02682437853728792,-0.614784831786287,-0.8258929015915801,0.3064731156581637,
819,0.30447457597091376,-0.5307697406936671,-0.1532812291835095,-0.49145941397191084,
820,0.8900956406585043,0.44484269169734203,-0.7208293560798194,-0.18705680031094696,
821,0.378616741988937,-0.41499079882163503,0.7210275715540206,0.860291673380261,0.7738213946957196
822,0.6816709687068812,0.5822135409634102,-0.7229846895135936,-0.9877924771675559,1.3648857859488202
823,0.15938006518544756,0.143908505664317,-0.7469814570160729,-0.23048621594165142,0.3416553929840787
824,-0.15656306786007157,0.8045843213726029,-0.14423625857771993,0.5079125871863086,
825,0.6500754364312629,0.9353526120264479,-0.5927532406912435,-0.41617204624657944,
826,-0.8373250958013962,-0.4234822923896402,-0.39202331824641057,0.17766507249535968,
827,-0.6674824955154797,0.2799543473082253,-0.7559050507013927,0.4418035982581403,-0.5892682227496956
828,-0.07012227591185027,-0.39606449043113146,-0.9138367511736365,0.5444447380966384,-0.6296929857736533
829,0.33991402158089934,0.42879334317416706,0.9631457115926016,0.17184225996312863,
830,0.8645913116171242,-0.5366394891620136,0.43610271015887947,-0.7505907379842451,1.5713237234897486
831,0.5157337530304844,-0.9899989259140529,0.8344012937501137,-0.8272537760933214,
832,0.017929774870228288,-0.779364789521634,-0.8611402932868542,-0.517867043185773,
833,-0.04719942019959977,0.5710896797812341,0.7371296057539412,-0.6105339798074352,-1.3239710435856626
834,0.5656259497445668,-0.7646215855188745,-0.9442486264593397,-0.5402705369785397,
835,-0.4180816540577308,-0.7273365867952413,-0.3973656572741684,-0.6068150805525794,
836,0.5081928037060017,-0.8061227401608271,0.34727464293620613,-0.841187394861941,2.7585000156481416
837,0.8655767276048953,-0.02620944800200342,-0.8431093533059317,0.7479207783266832,0.8439976779974278
838,-0.82200681293392,-0.891884679839958,0.6656801422595033,0.4955352353992075,
839,0.8345180115488924,0.7930861772073987,-0.6375413899562883,-0.8021430730356265,8.943383014857707
840,0.9114365726393219,0.8871608020251702,-0.6049866386364711,0.4622908817478848,
841,0.6859603677739694,-0.22089662625545503,0.5790223893031641,-0.13414966227317326,
842,0.24141242688658315,0.6075031951080185,-0.485276694538211,-0.7102183272659637,1.0351552768316037
843,-0.6487948542441038,-0.7684260956914679,-0.7339278326518368,0.40615677794470706,
844,-0.19270448296025644,0.10950883896154684,0.20961301359485263,0.4519324039808741,-0.2222833899130812
845,-0.47123498405582365,0.9387216961715001,0.13746018504828728,-0.42292142629765905,
846,0.7590904652273607,-0.7588096367876329,0.8066530070582649,0.38347478122940615,
847,0.5657424810401908,-0.6587562230469541,-0.38313186781989317,0.05227317859035763,
848,0.5240057458252425,-0.20206129780583693,-0.5616089238151676,0.6458048840445003,0.4322277318933992
849,-0.3669225912561991,-0.9315309946036427,-0.2910493660481237,-0.7762356902423335,
850,-0.9204156910190684,0.9341423093598511,0.5886171998685192,0.1213494655967311,
851,0.734285919219249,-0.8522805058943137,0.5169633975989125,0.31664498525933515,
852,0.16581736434214656,-0.5446090966273471,0.2743988517365705,-0.7845026999042506,0.4379955976455801
853,0.5802792791027909,-0.7908734928107533,0.2166514602733871,-0.3069260906723843,
854,0.07297869965011294,0.7111840120960651,-0.46662822343736954,0.2536522145218403,
855,-0.5039983917858732,0.7705453339694754,-0.5341738854184295,-0.5642478062344509,
856,0.5048134384096508,-0.08781382041849084,-0.48071235504885723,-0.48090716279920187,0.47051084545697475
857,-0.8687241425149566,0.036849457126619356,0.7775610086447835,0.7796229792134017,-0.898380918699084
858,0.322404909421502,0.8491081543307992,-0.8127000623906397,0.1098014238480971,
859,-0.24950959973466103,0.5518149366126204,0.07932377020758219,-0.09682470539590327,
860,-0.9101849304327296,0.5588012855779176,-0.9798682327179529,0.024078844817210232,
861,-0.7976937558152368,-0.30624459190124,0.7381368935774888,0.9231609016126459,-0.6059570433611358
862,0.5282902338487503,-0.6309977273822702,-0.8507247452018689,-0.9297569072048204,-0.011594008578937064
863,0.5521648833554678,0.3891689436008692,-0.6699906843465662,-0.5421202784893022,1.1676595336586355
864,-0.538482150355905,-0.4431806979337818,-0.6747198618548531,-0.6022889911728149,-1.2367735430826245
865,-0.24319392925309602,0.7675714568798606,-0.887127652722274,-0.15765554659264658,
866,0.8234291545932229,-0.6797790461412727,0.7803411701910785,-0.9642609317814339,1.9089477813520266
867,0.22850283000671712,-0.15502702016774328,-0.4914096307252014,0.5971246071482956,0.15772958034035026
868,0.4149790308609562,-0.059721547573686085,-0.0953429010157072,0.37431118018960974,0.4145960793242869
869,-0.7529013600534498,-0.5958146540975573,-0.639126188427168,0.6914411147995274,-2.234254751808149
870,0.5838369884050896,0.02914598455189643,0.6384863148362445,0.30147225535195643,0.567887872838125
871,0.47187369775556065,0.3140814671485417,0.14418791861496172,0.40612321748850433,0.672891392471068
872,0.7836047124666325,-0.7029375612025544,-0.8747102676945733,0.8272640436474661,0.3200375389414518
873,-0.3067354263225637,0.15923547504020652,0.07434336148792631,0.44172558950027097,-0.34153675466813777
874,0.31228777151636256,0.4289030516607242,-0.644344757578134,0.5733959627460825,0.8869298470152793
875,0.09304446654012066,-0.24944534987356848,-0.8769461828841989,0.9374455337691565,-0.1304071113071277
876,0.5994242776769105,-0.036397880208180355,-0.7566893073068879,-0.7589211750436546,0.5725412394317452
877,-0.243001412793042,-0.13380545544237443,-0.3174425135891663,0.1536658322156086,-0.5805737370572326
878,-0.09387571871988598,0.15247189370035596,-0.18452607538480992,-0.12681814682337,
879,-0.3045685343205766,0.1827593030168695,-0.3893847264473955,0.40582187756415156,-0.26141397243721914
880,-0.3699325718171953,0.34158914684800656,0.8806231737246035,0.17579723623381738,
881,0.6444415703729878,-0.5417051744388326,-0.022871986615616846,0.13483257109816593,
882,-0.8866839943358,-0.08555391579585159,0.314505761615264,-0.6192071980425382,-0.8681027991527619
883,0.03164545075548619,0.16643028136345084,-0.6268279646599615,0.9542206256634729,0.13808513923158786
884,-0.28714340741146893,-0.6837389515511221,-0.16434647429423865,0.5872029478193259,
885,-0.5550716993632616,0.5543813872842698,0.8653748060995172,0.13530101942049466,
886,0.5653409793791235,0.018268589520538336,-0.148858767935663,-0.8621892073422135,0.5681879794476326
887,0.3457924422827561,0.280383956451157,0.31172328482472866,-0.17494231045151576,
888,0.4954169959661743,0.04314240495317101,0.4480440380434938,0.20647779783643694,0.48683292049181764
889,0.8686725005803098,-0.9659082702450108,-0.6898969796732104,-0.47639070647132664,
890,-0.5309922405126168,0.39064189831337726,-0.4723076924896856,0.5711579490310985,-0.47494738103975453
891,0.49000043889132616,-0.9681080955327779,-0.7035900049131656,-0.5687953275304485,
892,0.38921353287530924,-0.543315286213506,0.4262840079193593,-0.6565591799971211,1.1057689231794505
893,0.7085903006940832,-0.243822523233848,0.808590708622456,0.4238816617369494,1.107260855260396
894,-0.567585244686083,-0.629080347625808,-0.5443455025648594,0.7496701604983858,-1.673108507131858
895,-0.551087544850442,-0.9395431504563725,-0.32919093769380936,-0.9664093642274632,-3.6744341305346917
896,-0.14746929799122444,-0.07796843267215503,-0.26801639354473084,0.8356724812985148,-0.16910374321550245
897,-0.8849094014444103,-0.8524242829465638,-0.6858014310425351,-0.0047455782621228515,
898,0.4652303959181898,-0.36097170025905,0.09634765941453982,-0.5677644920855502,0.6477871339944011
899,-0.38001953947238976,-0.036473901064163705,0.8420756903010533,-0.8643422053368592,-0.34961717600876885
900,-0.5607672828456025,0.004585787076275549,0.8164646853961173,-0.5966965541238305,-0.5645280878555309
901,0.9438119133451566,0.4607035886975699,0.5659051938088773,0.747298521107155,0.867578197743487
902,0.1442021858678304,-0.7912953387751744,-0.31241981633590066,-0.455667118414641,
903,0.135984837692803,0.18299793945598286,-0.6501771638508445,-0.38320615956915693,0.29019315013278874
904,-0.0582882676900085,0.5330483351397488,-0.2740646951169361,-0.2527867604804783,
905,0.04517674401538452,-0.1955221344476583,0.001173412928293427,-0.6329385281257096,0.047741158226564134
906,0.052687661408455044,-0.006103653314006863,-0.9762039440989156,0.40002256558755245,0.04673469155238891
907,0.019030281017813344,0.7032912531798727,-0.7402417042430431,-0.9145033630704102,0.8442381190142879
908,-0.7493263077812242,-0.5714135780293821,0.9039109225827981,0.2061258602817384,
909,0.653768939201743,-0.19749014639125195,0.2974633882529041,-0.17507054229664054,
910,0.06501906538079183,-0.5153259572887046,-0.044976717821579415,-0.3502316741455971,
911,0.43891527452385204,-0.4736706936201396,-0.7420086423196512,-0.9300144098480314,0.10161464944482683
912,-0.6751442739436508,-0.8674639634079788,0.47811321683553576,-0.8603689902790321,
913,-0.32064935668543115,-0.46870675418465146,0.9653574298916257,0.296348894348587,
914,0.7514283003466777,-0.04817525508500409,-0.4048651484543586,-0.8463537089857731,0.7331124221169656
915,-0.4869386694882425,-0.9530399905699558,-0.09110706905420463,-0.44324756045574865,
916,0.7035061259199227,0.9264667653128513,0.7037142938759149,-0.36702149688946073,
917,0.22808247034273,0.28443722999745624,0.9578766608890679,0.9931977457635854,-0.04631316208211939
918,0.8743717645587816,-0.27737660794395524,-0.8089073841888277,-0.9567778776718789,0.6791667148008252
919,-0.23154194710718778,0.7074041788302177,0.9098134356507039,0.34761498986233663,
920,0.1923031428228701,0.36526945195149896,0.8090545967909306,-0.8486907564947581,-0.11435293325063561
921,0.5518538140868936,0.1604081642715418,-0.5880013180522359,0.9111496604595475,0.6564266399863881
922,-0.2678251374958389,-0.5994161600092971,-0.9803783213113693,0.15122688040519217,
923,-0.5996031351764266,0.452025629187905,-0.3658592087013901,0.5072980746609459,-0.9566245155091464
924,0.27421640556569193,0.9487045310642965,-0.3452631201112317,-0.8655159383820814,
925,0.20574314543177996,-0.7236813738130097,-0.935627473199262,-0.5372719543274005,
926,0.4402534893644603,0.9793707076055076,-0.8779672637886431,-0.10647342361622503,
927,-0.7695651909915417,-0.4760520548653091,-0.5170560007513039,0.6071103535754176,-1.6366606506582708
928,-0.8345757187940588,-0.8320788712385194,0.17370695324579355,0.11218326356159158,
929,-0.22257981790307535,0.3977818411326368,-0.4672593518900148,-0.8246307859785678,-0.0419109852052121
930,0.8878888418801862,-0.9236040157719587,0.5410716156861932,0.36019703074141574,
931,-0.30585537971340004,-0.7359630312493937,0.9073159399346455,0.6864651811580074,
932,-0.23728283048179022,0.983923711016176,-0.4108862368740731,0.6572328690444298,
933,-0.6909368839654937,-0.6700275607335662,-0.8068446323774086,0.851670990130025,-1.9950233757300948
934,0.004806705860854965,0.3350067041741158,0.7679019055682181,0.4566582224575573,-0.37147499454292027
935,-0.7601141479417517,-0.9920558406427169,0.7925412448946296,-0.08426484655199218,
936,-0.6966218469722096,-0.3994365374401456,-0.7758234605773926,-0.15176307911734743,
937,0.9788826312036263,0.9409402455614979,0.10841685431780057,-0.8071303996037582,
938,-0.12226416870149315,-0.9884076979285494,-0.9536179357908514,0.24380385502484958,
939,-0.5849905691583246,0.7474048503800335,0.9906971627954433,0.3372215996647221,
940,-0.551785581895252,0.5347741638523451,-0.6614973892124789,-0.4321933564651479,
941,-0.5583450526772504,-0.2245487040580374,0.45784342610148054,0.5421404260275839,-0.500485061550118
942,0.25134228603704156,0.3350134836013443,-0.18481291237578357,-0.6722774052856284,0.36131587852140695
943,-0.8096972835132437,-0.10594124883276468,0.17951217440095935,-0.29333436481150255,-0.8479109347529226
944,0.46862397194987704,-0.042998961739719066,0.6214174044657235,0.6235991022891276,0.4965260483935309
945,0.20158507168358897,-0.4011938829879127,-0.8050068805757269,-0.7579528972574734,-0.14306329912294793
946,-0.5085656321997154,-0.9078354077650646,0.44048085940983683,-0.2807538877748925,
947,-0.6421156174182812,-0.6655701920813863,-0.696579307277466,0.3146640328686159,
948,-0.30675223266699825,-0.6394739251758415,0.9359022879149441,0.3115103947680773,
949,0.369422747532721,0.24340387361275195,0.1563863799979286,0.37060933437892074,0.43941176637984064
950,-0.7037147222214719,0.9261178091543119,-0.7141611049137517,0.07700140007515399,
951,-0.29304249416156947,0.3102766473023295,-0.821807375591779,-0.8175560783737086,-0.041132174798368434
952,-0.8321694807497471,0.029993596451440174,0.4787996638408156,0.4577183991837608,-0.8483537725813627
953,0.7930357553569298,0.5606109985296426,0.9663859744560486,-0.1853634363254042,
954,0.5818714332977266,0.7347851250547737,-0.10487882534210335,0.5532471899893152,
955,0.38983153095469136,0.35649080658956245,-0.9675701202387095,0.9740081738808262,0.7895453198250229
956,-0.42960382503109895,-0.7798848867402814,0.015900472372178953,0.49765493978669295,
957,0.12904441000354883,0.7625547770972207,0.8898255526759762,0.4207081872138696,
958,0.6453555642358286,0.825404683817698,-0.28670156181608486,0.990125067175678,1.5969211356650346
959,0.03339041609049653,0.2987023738250072,-0.5684103164978156,0.9018063114523998,0.21533111295025417
960,-0.07395301951981903,0.043711886486137,-0.2658726013470025,0.9431650975440646,-0.062398276684874646
961,-0.9957426909671208,-0.03770886650565597,-0.6198258354314305,-0.5984046799311145,-1.0211451075185534
962,-0.8613947106301261,-0.46296612161639694,-0.17246521072452436,-0.007073857680807372,
963,-0.9970201273873549,0.7531946965603495,0.696850258765014,0.9423048444185609,-2.5326007606485135
964,0.06118199494276788,-0.9608176685886707,0.5921634063329635,-0.5280978594085217,
965,-0.2225807008256,-0.7083358264259465,-0.19888401853875526,0.057667298464115335,
966,-0.14392971579555147,0.8740510793810004,0.907343677284314,0.3855797771194891,
967,-0.4933847078782698,-0.6106240636183913,0.19884602019321784,-0.2282305088652501,
968,0.2113486087981955,0.9271167083258438,-0.039127975450330865,-0.7093578695783305,
969,0.8917978534930657,0.6119518208656511,-0.13173980517038486,-0.10565092955158417,
970,0.9335759394121999,0.024305211855050635,-0.8841490308925286,-0.8466158498548066,0.9554591888495483
971,0.045521976034385014,-0.8963955200141338,-0.2587329497618682,0.44445425080508016,
972,0.7177604285266004,0.9164556699966167,-0.9877171084855367,0.8384320611296561,
973,0.1273800162496619,-0.412410911878865,0.25841589306730217,-0.9378049699035562,0.26049415664826586
974,-0.11987339871344593,0.34671990945621833,-0.25873672640816725,-0.8425231639145063,-0.03309664795963977
975,-0.6413603286434668,-0.6270808725609258,-0.8871091811375285,0.6150972239938735,
976,-0.44595065620881935,-0.2752243763846023,-0.28578730666197427,-0.038312631137430886,
977,-0.43099139280320564,0.2313953993904332,0.4713404287039218,-0.8756671984758406,-0.5599617376876005
978,0.7196525667413798,-0.270523336618091,0.9967964298941285,0.6988995036805528,1.0729451802933887
979,0.6473242144578131,-0.1869344745783168,-0.9002214257255257,0.2642523494528619,0.6777571453680815
980,-0.4333840872198831,0.8046954055645219,-0.2895555634270548,-0.3050677117113112,
981,0.4834124052463109,-0.4456656286382583,0.5681920386919972,-0.9419044735769062,0.8361553891897248
982,-0.45651767958197564,-0.9405093883363009,0.6049023553409065,0.1932393440528819,
983,-0.8618638263395444,-0.30155017537180595,-0.5738871853659384,-0.8088721469404223,-1.1153227698652892
984,0.15262244936962532,-0.9924207291009626,-0.058503353893100796,-0.8003856041840978,
985,0.41693909611553104,0.7899443741933985,0.05502172826336982,-0.07043447132817882,
986,0.9024412199829879,0.5592064167785205,-0.039679363586585525,0.16529501429942206,
987,0.875904348798805,0.002699306563255899,0.8486102725626483,0.29936895740197467,0.8736492041107233
988,0.21241936627628744,-0.05664738254989321,0.8542344408154097,0.6348387443609262,0.2618540614557603
989,-0.6468420522232987,0.5965835892736218,0.03622697981635614,-0.3542073838409958,
990,0.2802736507074002,0.11326150752789421,-0.7550876107839486,-0.09015180501333275,
991,-0.5597770453688968,0.26898201586206283,-0.6305275239325456,0.29476009482741383,-0.9540348987247476
992,-0.5582734884738514,-0.690257173220229,-0.7116123429034988,-0.6909072823057381,-24.19767145457973
993,0.7383208661766647,0.1435278090969978,0.9142547450018828,-0.9679368258176748,0.6138863452232163
994,-0.24528497581395836,-0.9826926160672043,-0.6961602325592078,-0.6548286325367876,
995,0.9155912280118466,0.060279879693675875,-0.3007838837650185,0.48659222529764645,0.9409707494576541
996,-0.9262624656723275,-0.38835497944527164,0.5315597262068787,0.3211561382441117,
997,-0.6829826778816612,0.12518482273544618,-0.8611375076235204,-0.2691582981266938,-0.6497318804369885
998,0.640260429448736,-0.17703974833210756,0.2874907666686537,-0.077614818222969,
999,0.7210715650550827,0.07822086234635517,-0.8395513163015773,0.916370924805936,0.7896239412017643
